<eagle version="6.1"><drawing><settings><setting alwaysvectorfont="no" verticaltext="up"/></settings><grid distance="0.1" unitdist="inch" unit="inch" style="lines" multiple="1" display="no" altdistance="0.01" altunitdist="inch" altunit="inch"/><layers><layer number="91" name="Nets" color="2" fill="1" visible="yes" active="yes"/><layer number="92" name="Busses" color="1" fill="1" visible="yes" active="yes"/><layer number="93" name="Pins" color="2" fill="1" visible="no" active="yes"/><layer number="94" name="Symbols" color="4" fill="1" visible="yes" active="yes"/><layer number="95" name="Names" color="7" fill="1" visible="yes" active="yes"/><layer number="96" name="Values" color="7" fill="1" visible="yes" active="yes"/><layer number="97" name="Info" color="7" fill="1" visible="yes" active="yes"/><layer number="98" name="Guide" color="6" fill="1" visible="yes" active="yes"/></layers><schematic><libraries><library name="AcceleratedDesigns_Lib"><packages><package name="0805"><pad name="1" drill="0" y="0" x="-0.9017"/><pad name="2" drill="0" y="0" x="0.9017"/></package><package name="1210"><pad name="1" drill="0" y="0" x="-1.4986"/><pad name="2" drill="0" y="0" x="1.4986"/></package><package name="CAPSMT_62_E61"><pad name="1" drill="0" y="0" x="-1.6574"/><pad name="2" drill="0" y="0" x="1.6574"/></package><package name="SRP1270"><pad name="1" drill="0" y="0" x="-5.5054"/><pad name="2" drill="0" y="0" x="5.5054"/></package><package name="TRANS_NexFET_Q5A"><pad name="1" drill="0" y="2.055" x="-2.7525"/><pad name="2" drill="0" y="0.685" x="-2.7525"/><pad name="3" drill="0" y="-0.685" x="-2.7525"/><pad name="4" drill="0" y="-2.055" x="-2.7525"/><pad name="5" drill="0" y="-2.055" x="2.7525"/><pad name="6" drill="0" y="-0.685" x="2.7525"/><pad name="7" drill="0" y="0.685" x="2.7525"/><pad name="8" drill="0" y="2.055" x="2.7525"/><pad name="9" drill="0" y="0" x="0.3"/></package><package name="MXA14A"><pad name="1" drill="0" y="1.95" x="-2.8448"/><pad name="2" drill="0" y="1.3" x="-2.8448"/><pad name="3" drill="0" y="0.65" x="-2.8448"/><pad name="4" drill="0" y="0" x="-2.8448"/><pad name="5" drill="0" y="-0.65" x="-2.8448"/><pad name="6" drill="0" y="-1.3" x="-2.8448"/><pad name="7" drill="0" y="-1.95" x="-2.8448"/><pad name="8" drill="0" y="-1.95" x="2.8448"/><pad name="9" drill="0" y="-1.3" x="2.8448"/><pad name="10" drill="0" y="-0.65" x="2.8448"/><pad name="11" drill="0" y="0" x="2.8448"/><pad name="12" drill="0" y="0.65" x="2.8448"/><pad name="13" drill="0" y="1.3" x="2.8448"/><pad name="14" drill="0" y="1.95" x="2.8448"/><pad name="15" drill="0" y="0" x="0"/></package><package name="WB_CURRENT_LOAD"><pad name="1" drill="0" y="0" x="0"/><pad name="2" drill="0" y="0" x="0"/></package><package name="WB_GND"><pad name="1" drill="0" y="0" x="0"/></package><package name="WB_BATTERY"><pad name="1" drill="0" y="0" x="0"/><pad name="2" drill="0" y="0" x="0"/></package></packages><symbols><symbol name="C0805C471K5RACTU@1"><pin name="1@1" x="7.62" y="0" rot="MR0" direction="pas" length="short" visible="off" swaplevel="0"/><pin name="2@2" x="-7.62" y="0" rot="MR180" direction="pas" length="short" visible="off" swaplevel="0"/><wire x1="7.62" y1="0" x2="5.08" y2="0" width="0.1524" layer="94"/><wire x1="-7.62" y1="0" x2="-5.08" y2="0" width="0.1524" layer="94"/><wire x1="0.762" y1="-3.048" x2="0.762" y2="3.048" width="0.1524" layer="94"/><wire x1="-5.08" y1="0" x2="-0.762" y2="0" width="0.1524" layer="94"/><wire x1="0.762" y1="0" x2="5.08" y2="0" width="0.1524" layer="94"/><wire x1="-0.762" y1="-3.048" x2="-0.762" y2="3.048" width="0.1524" layer="94"/><text size="2" x="0" y="7.62" layer="95" align="center">&gt;NAME</text><text size="2" x="0" y="5.08" layer="96" align="center">&gt;VALUE</text></symbol><symbol name="EMK212B7474KD-T@1"><pin name="1@1" x="7.62" y="0" rot="MR0" direction="pas" length="short" visible="off" swaplevel="0"/><pin name="2@2" x="-7.62" y="0" rot="MR180" direction="pas" length="short" visible="off" swaplevel="0"/><wire x1="7.62" y1="0" x2="5.08" y2="0" width="0.1524" layer="94"/><wire x1="-7.62" y1="0" x2="-5.08" y2="0" width="0.1524" layer="94"/><wire x1="0.762" y1="-3.048" x2="0.762" y2="3.048" width="0.1524" layer="94"/><wire x1="-5.08" y1="0" x2="-0.762" y2="0" width="0.1524" layer="94"/><wire x1="0.762" y1="0" x2="5.08" y2="0" width="0.1524" layer="94"/><wire x1="-0.762" y1="-3.048" x2="-0.762" y2="3.048" width="0.1524" layer="94"/><text size="2" x="0" y="7.62" layer="95" align="center">&gt;NAME</text><text size="2" x="0" y="5.08" layer="96" align="center">&gt;VALUE</text></symbol><symbol name="08053C104KAT2A@1"><pin name="1@1" x="7.62" y="0" rot="MR0" direction="pas" length="short" visible="off" swaplevel="0"/><pin name="2@2" x="-7.62" y="0" rot="MR180" direction="pas" length="short" visible="off" swaplevel="0"/><wire x1="7.62" y1="0" x2="5.08" y2="0" width="0.1524" layer="94"/><wire x1="-7.62" y1="0" x2="-5.08" y2="0" width="0.1524" layer="94"/><wire x1="0.762" y1="-3.048" x2="0.762" y2="3.048" width="0.1524" layer="94"/><wire x1="-5.08" y1="0" x2="-0.762" y2="0" width="0.1524" layer="94"/><wire x1="0.762" y1="0" x2="5.08" y2="0" width="0.1524" layer="94"/><wire x1="-0.762" y1="-3.048" x2="-0.762" y2="3.048" width="0.1524" layer="94"/><text size="2" x="0" y="7.62" layer="95" align="center">&gt;NAME</text><text size="2" x="0" y="5.08" layer="96" align="center">&gt;VALUE</text></symbol><symbol name="WB_CURRENT_LOAD@1"><pin name="+@1" x="-7.62" y="0" rot="MR180" direction="pas" length="short" visible="off" swaplevel="0"/><pin name="-@2" x="7.62" y="0" rot="MR0" direction="pas" length="short" visible="off" swaplevel="0"/><wire cap="round" x1="-3.80144541893069" y1="6.11111003035226E-05" x2="-2.68631595182662" y2="-2.68638598005626" layer="94" curve="44.25835" width="0.1524"/><wire cap="round" x1="-2.7008340002096" y1="-2.70084492188432" x2="-3.010245531766E-05" y2="-3.82193519093877" layer="94" curve="44.8182" width="0.1524"/><wire cap="round" x1="-1.47901228405671E-05" y1="-3.81607473385618" x2="2.69671339012067" y2="-2.69667753776659" layer="94" curve="45.38076" width="0.1524"/><wire cap="round" x1="2.69020543466835" y1="-2.69018253944063" x2="3.80688023502889" y2="-1.58895406142942E-05" layer="94" curve="45.58721" width="0.1524"/><wire cap="round" x1="3.80144542387741" y1="-6.17958751984642E-05" x2="2.68631643327033" y2="2.68638549307261" layer="94" curve="44.25835" width="0.1524"/><wire cap="round" x1="2.70083237377049" y1="2.70084654561062" x2="2.78042467919214E-05" y2="3.82193519631281" layer="94" curve="44.8182" width="0.1524"/><wire cap="round" x1="1.57980194586995E-05" y1="3.81607473126472" x2="-2.69671268033746" y2="2.69667825335733" layer="94" curve="45.38076" width="0.1524"/><wire cap="round" x1="-2.69020543466835" y1="2.69018253944063" x2="-3.80688023502889" y2="1.58895406171733E-05" layer="94" curve="45.58721" width="0.1524"/><wire x1="7.62" y1="0" x2="3.81" y2="0" width="0.1524" layer="94"/><wire x1="-3.81" y1="0" x2="-7.62" y2="0" width="0.1524" layer="94"/><wire x1="0.762" y1="-1.778" x2="3.048" y2="0" width="0.1524" layer="94"/><wire x1="0.762" y1="1.778" x2="3.048" y2="0" width="0.1524" layer="94"/><wire x1="3.048" y1="0" x2="-3.048" y2="0" width="0.1524" layer="94"/></symbol><symbol name="6SVPE220MW@1"><pin name="+@1" x="7.62" y="0" rot="MR0" direction="pas" length="short" visible="off" swaplevel="0"/><pin name="-@2" x="-7.62" y="0" rot="MR180" direction="pas" length="short" visible="off" swaplevel="0"/><wire cap="round" x1="-1.65118374267102" y1="-3.04778406157947" x2="-1.01624547146371" y2="-2.28585820024608" layer="94" curve="19.54907" width="0.1524"/><wire cap="round" x1="-1.00557718793605" y1="-2.29254192981191" x2="-0.368696405518769" y2="2.31582095509739E-04" layer="94" curve="33.19223" width="0.1524"/><wire cap="round" x1="-0.368696364008616" y1="-2.29363751071608E-04" x2="-1.00557836763086" y2="2.29254380893279" layer="94" curve="33.19223" width="0.1524"/><wire cap="round" x1="-1.01624552012866" y1="2.28585828443089" x2="-1.65118381670011" y2="3.0477841246275" layer="94" curve="19.54907" width="0.1524"/><wire x1="1.016" y1="-3.302" x2="1.016" y2="3.302" width="0.1524" layer="94"/><wire x1="-7.62" y1="0" x2="-0.508" y2="0" width="0.1524" layer="94"/><wire x1="1.016" y1="0" x2="7.62" y2="0" width="0.1524" layer="94"/><wire x1="3.556" y1="-2.54" x2="3.556" y2="-1.524" width="0.1524" layer="94"/><wire x1="3.048" y1="-2.032" x2="4.064" y2="-2.032" width="0.1524" layer="94"/><text size="2" x="0.239622655792055" y="8.04732659769323" layer="95" align="center">&gt;NAME</text><text size="2" x="-0.119811285048163" y="5.29166638458488" layer="96" align="center">&gt;VALUE</text></symbol><symbol name="CC0805KRX7R9BB153@1"><pin name="1@1" x="7.62" y="0" rot="MR0" direction="pas" length="short" visible="off" swaplevel="0"/><pin name="2@2" x="-7.62" y="0" rot="MR180" direction="pas" length="short" visible="off" swaplevel="0"/><wire x1="7.62" y1="0" x2="5.08" y2="0" width="0.1524" layer="94"/><wire x1="-7.62" y1="0" x2="-5.08" y2="0" width="0.1524" layer="94"/><wire x1="0.762" y1="-3.048" x2="0.762" y2="3.048" width="0.1524" layer="94"/><wire x1="-5.08" y1="0" x2="-0.762" y2="0" width="0.1524" layer="94"/><wire x1="0.762" y1="0" x2="5.08" y2="0" width="0.1524" layer="94"/><wire x1="-0.762" y1="-3.048" x2="-0.762" y2="3.048" width="0.1524" layer="94"/><text size="2" x="0" y="7.62" layer="95" align="center">&gt;NAME</text><text size="2" x="0" y="5.08" layer="96" align="center">&gt;VALUE</text></symbol><symbol name="EMK212B7105KG-T@1"><pin name="1@1" x="7.62" y="0" rot="MR0" direction="pas" length="short" visible="off" swaplevel="0"/><pin name="2@2" x="-7.62" y="0" rot="MR180" direction="pas" length="short" visible="off" swaplevel="0"/><wire x1="7.62" y1="0" x2="5.08" y2="0" width="0.1524" layer="94"/><wire x1="-7.62" y1="0" x2="-5.08" y2="0" width="0.1524" layer="94"/><wire x1="0.762" y1="-3.048" x2="0.762" y2="3.048" width="0.1524" layer="94"/><wire x1="-5.08" y1="0" x2="-0.762" y2="0" width="0.1524" layer="94"/><wire x1="0.762" y1="0" x2="5.08" y2="0" width="0.1524" layer="94"/><wire x1="-0.762" y1="-3.048" x2="-0.762" y2="3.048" width="0.1524" layer="94"/><text size="2" x="0" y="7.62" layer="95" align="center">&gt;NAME</text><text size="2" x="0" y="5.08" layer="96" align="center">&gt;VALUE</text></symbol><symbol name="WB_GND@1"><pin name="1@1" x="0" y="2.54" rot="MR270" direction="pas" length="short" visible="off" swaplevel="0"/><wire x1="0" y1="2.54" x2="0" y2="0" width="0.1524" layer="94"/><wire x1="-3.302" y1="0" x2="3.302" y2="0" width="0.1524" layer="94"/><wire x1="-2.286" y1="-1.016" x2="2.286" y2="-1.016" width="0.1524" layer="94"/><wire x1="-0.762" y1="-2.032" x2="0.762" y2="-2.032" width="0.1524" layer="94"/></symbol><symbol name="SRP1270-2R2M@1"><pin name="2@2" x="7.62" y="0" rot="MR0" direction="pas" length="short" visible="off" swaplevel="0"/><pin name="1@1" x="-7.62" y="0" rot="MR180" direction="pas" length="short" visible="off" swaplevel="0"/><wire cap="round" x1="2.70086965376353" y1="0.835686125023295" x2="2.5488127292636" y2="-6.24799789495706E-04" layer="94" curve="12.47546" width="0.1524"/><wire cap="round" x1="3.80990829544782" y1="1.85597139451402" x2="2.69064524918793" y2="0.838459388755286" layer="94" curve="78.62357" width="0.1524"/><wire cap="round" x1="4.90450120907934" y1="0.838494459997258" x2="3.81012877640754" y2="1.85651641360845" layer="94" curve="79.52696" width="0.1524"/><wire cap="round" x1="5.08194212297714" y1="7.65933497371016E-02" x2="4.90412159312222" y2="0.838683789637753" layer="94" curve="2.683002" width="0.1524"/><wire x1="5.08" y1="7.32740090825246E-14" x2="7.62" y2="8.71708039085205E-14" width="0.1524" layer="94"/><wire cap="round" x1="0.160869647012591" y1="0.835686120495971" x2="8.81272251266148E-03" y2="-6.24804316819648E-04" layer="94" curve="12.47546" width="0.1524"/><wire cap="round" x1="1.26990852880952" y1="1.85597126998469" x2="0.150645552335143" y2="0.838459735984588" layer="94" curve="78.62355" width="0.1524"/><wire cap="round" x1="2.36450120579728" y1="0.838494428025542" x2="1.27012877312548" y2="1.85651638163673" layer="94" curve="79.52696" width="0.1524"/><wire cap="round" x1="2.53556331240561" y1="-0.177885354456139" x2="2.35799865867502" y2="0.83677165558159" layer="94" curve="17.67289" width="0.1524"/><wire cap="round" x1="-2.37913022471952" y1="0.835686100537919" x2="-2.53118714921945" y2="-6.24824274872179E-04" layer="94" curve="12.47546" width="0.1524"/><wire cap="round" x1="-1.27009153439261" y1="1.85597127646014" x2="-2.38935453412885" y2="0.838459585207164" layer="94" curve="78.62356" width="0.1524"/><wire cap="round" x1="-0.17549876466415" y1="0.838494473537584" x2="-1.26987119733595" y2="1.85651642714878" layer="94" curve="79.52696" width="0.1524"/><wire cap="round" x1="-4.43666361586885E-03" y1="-0.177885358125391" x2="-0.182001317346461" y2="0.836771651912338" layer="94" curve="17.67289" width="0.1524"/><wire x1="-7.62" y1="1.31748834064638E-14" x2="-5.08" y2="1.3716316971113E-14" width="0.1524" layer="94"/><wire cap="round" x1="-4.91913036648931" y1="0.835686111441321" x2="-5.07118729098924" y2="-6.2481337147006E-04" layer="94" curve="12.47546" width="0.1524"/><wire cap="round" x1="-3.81009141933233" y1="1.85597124231149" x2="-4.9293543958067" y2="0.838459708311387" layer="94" curve="78.62355" width="0.1524"/><wire cap="round" x1="-2.71549867276639" y1="0.838494472482158" x2="-3.80987126078252" y2="1.85651643468738" layer="94" curve="79.52697" width="0.1524"/><wire cap="round" x1="-2.54443665882017" y1="-0.177885354014588" x2="-2.72200131255076" y2="0.836771656023141" layer="94" curve="17.67289" width="0.1524"/><wire cap="round" x1="-2.54499763137906" y1="2.51755460236626E-03" x2="-2.54499765572502" y2="-0.180317541662839" layer="94" curve="53.47319" width="0.1524"/><wire cap="round" x1="-4.99761237348031E-03" y1="2.51757271580121E-03" x2="-4.9976367194459E-03" y2="-0.180317523549404" layer="94" curve="53.47319" width="0.1524"/><wire cap="round" x1="2.53500243197289" y1="2.51757460827418E-03" x2="2.53500238936746" y2="-0.180317485409697" layer="94" curve="53.47318" width="0.1524"/><text size="2" x="0" y="5.715" layer="95" align="center">&gt;NAME</text><text size="2" x="0" y="3.175" layer="96" align="center">&gt;VALUE</text></symbol><symbol name="CSD16342Q5A@1"><pin name="Drain@1" x="3.81" y="7.62" rot="MR270" direction="pas" length="short" visible="off" swaplevel="0"/><pin name="Gate@6" x="-3.81" y="0" rot="MR180" direction="pas" length="short" visible="off" swaplevel="0"/><pin name="Source@7" x="3.81" y="-7.62" rot="MR90" direction="pas" length="short" visible="off" swaplevel="0"/><wire x1="-3.81" y1="0" x2="-1.27" y2="0" width="0.1524" layer="94"/><wire x1="3.81" y1="7.62" x2="3.81" y2="5.08" width="0.1524" layer="94"/><wire x1="3.81" y1="-7.62" x2="3.81" y2="-5.08" width="0.1524" layer="94"/><wire x1="1.016" y1="2.54" x2="1.016" y2="-2.54" width="0.1524" layer="94"/><wire x1="3.81" y1="2.54" x2="3.81" y2="2.032" width="0.1524" layer="94"/><wire x1="3.81" y1="2.032" x2="1.27" y2="2.032" width="0.1524" layer="94"/><wire x1="2.794" y1="0" x2="3.81" y2="0" width="0.1524" layer="94"/><wire x1="3.81" y1="0" x2="3.81" y2="-2.54" width="0.1524" layer="94"/><wire x1="1.27" y1="-2.032" x2="3.556" y2="-2.032" width="0.1524" layer="94"/><wire x1="3.81" y1="2.54" x2="3.81" y2="2.032" width="0.1524" layer="94"/><wire x1="3.81" y1="2.032" x2="1.016" y2="2.032" width="0.1524" layer="94"/><wire x1="1.016" y1="2.54" x2="1.016" y2="-2.54" width="0.1524" layer="94"/><wire x1="1.016" y1="-2.032" x2="3.81" y2="-2.032" width="0.1524" layer="94"/><polygon width="0" layer="94"><vertex x="1.143" y="0"/><vertex x="2.286" y="1.016"/><vertex x="2.286" y="-1.016"/></polygon><wire x1="2.286" y1="0" x2="3.81" y2="0" width="0.1524" layer="94"/><wire x1="3.81" y1="0" x2="3.81" y2="-2.54" width="0.1524" layer="94"/><wire x1="-1.27" y1="0" x2="0" y2="0" width="0.1524" layer="94"/><wire x1="0" y1="-2.54" x2="0" y2="2.54" width="0.1524" layer="94"/><wire x1="3.81" y1="5.08" x2="3.81" y2="2.54" width="0.1524" layer="94"/><wire x1="3.81" y1="-2.54" x2="3.81" y2="-5.08" width="0.1524" layer="94"/><text size="2" x="-3.175" y="7.62" layer="95" align="center">&gt;NAME</text><text size="2" x="-3.81" y="5.08" layer="96" align="center">&gt;VALUE</text><pin name="Drain@2" x="3.81" y="7.62" rot="MR270" direction="pas" length="short" visible="off" swaplevel="0"/><pin name="Drain@3" x="3.81" y="7.62" rot="MR270" direction="pas" length="short" visible="off" swaplevel="0"/><pin name="Drain@4" x="3.81" y="7.62" rot="MR270" direction="pas" length="short" visible="off" swaplevel="0"/><pin name="Drain@5" x="3.81" y="7.62" rot="MR270" direction="pas" length="short" visible="off" swaplevel="0"/><pin name="Source@8" x="3.81" y="-7.62" rot="MR90" direction="pas" length="short" visible="off" swaplevel="0"/><pin name="Source@9" x="3.81" y="-7.62" rot="MR90" direction="pas" length="short" visible="off" swaplevel="0"/></symbol><symbol name="CSD17577Q5A@1"><pin name="Drain@1" x="3.81" y="7.62" rot="MR270" direction="pas" length="short" visible="off" swaplevel="0"/><pin name="Gate@6" x="-3.81" y="0" rot="MR180" direction="pas" length="short" visible="off" swaplevel="0"/><pin name="Source@7" x="3.81" y="-7.62" rot="MR90" direction="pas" length="short" visible="off" swaplevel="0"/><wire x1="-3.81" y1="0" x2="-1.27" y2="0" width="0.1524" layer="94"/><wire x1="3.81" y1="7.62" x2="3.81" y2="5.08" width="0.1524" layer="94"/><wire x1="3.81" y1="-7.62" x2="3.81" y2="-5.08" width="0.1524" layer="94"/><wire x1="1.016" y1="2.54" x2="1.016" y2="-2.54" width="0.1524" layer="94"/><wire x1="3.81" y1="2.54" x2="3.81" y2="2.032" width="0.1524" layer="94"/><wire x1="3.81" y1="2.032" x2="1.27" y2="2.032" width="0.1524" layer="94"/><wire x1="2.794" y1="0" x2="3.81" y2="0" width="0.1524" layer="94"/><wire x1="3.81" y1="0" x2="3.81" y2="-2.54" width="0.1524" layer="94"/><wire x1="1.27" y1="-2.032" x2="3.556" y2="-2.032" width="0.1524" layer="94"/><wire x1="3.81" y1="2.54" x2="3.81" y2="2.032" width="0.1524" layer="94"/><wire x1="3.81" y1="2.032" x2="1.016" y2="2.032" width="0.1524" layer="94"/><wire x1="1.016" y1="2.54" x2="1.016" y2="-2.54" width="0.1524" layer="94"/><wire x1="1.016" y1="-2.032" x2="3.81" y2="-2.032" width="0.1524" layer="94"/><wire x1="1.016" y1="0" x2="2.286" y2="1.27" width="0.1524" layer="94"/><wire x1="2.286" y1="1.27" x2="2.286" y2="-1.27" width="0.1524" layer="94"/><wire x1="2.286" y1="-1.27" x2="1.016" y2="0" width="0.1524" layer="94"/><wire x1="2.286" y1="0" x2="3.81" y2="0" width="0.1524" layer="94"/><wire x1="3.81" y1="0" x2="3.81" y2="-2.54" width="0.1524" layer="94"/><wire x1="-1.27" y1="0" x2="0" y2="0" width="0.1524" layer="94"/><wire x1="0" y1="-2.54" x2="0" y2="2.54" width="0.1524" layer="94"/><wire x1="3.81" y1="5.08" x2="3.81" y2="2.54" width="0.1524" layer="94"/><wire x1="3.81" y1="-2.54" x2="3.81" y2="-5.08" width="0.1524" layer="94"/><text size="2" x="-6.20908906594118" y="5.70846819536209" layer="95" align="center">&gt;NAME</text><text size="2" x="-7.64115021375826" y="-4.69503484907373" layer="96" align="center">&gt;VALUE</text><pin name="Drain@2" x="3.81" y="7.62" rot="MR270" direction="pas" length="short" visible="off" swaplevel="0"/><pin name="Drain@3" x="3.81" y="7.62" rot="MR270" direction="pas" length="short" visible="off" swaplevel="0"/><pin name="Drain@4" x="3.81" y="7.62" rot="MR270" direction="pas" length="short" visible="off" swaplevel="0"/><pin name="Drain@5" x="3.81" y="7.62" rot="MR270" direction="pas" length="short" visible="off" swaplevel="0"/><pin name="Source@8" x="3.81" y="-7.62" rot="MR90" direction="pas" length="short" visible="off" swaplevel="0"/><pin name="Source@9" x="3.81" y="-7.62" rot="MR90" direction="pas" length="short" visible="off" swaplevel="0"/></symbol><symbol name="ERJ-6ENF1002V@1"><pin name="1@1" x="7.62" y="0" rot="MR0" direction="pas" length="short" visible="off" swaplevel="0"/><pin name="2@2" x="-7.62" y="0" rot="MR180" direction="pas" length="short" visible="off" swaplevel="0"/><wire x1="7.62" y1="0" x2="5.08" y2="0" width="0.1524" layer="94"/><wire x1="5.08" y1="0" x2="3.81" y2="1.524" width="0.1524" layer="94"/><wire x1="3.81" y1="1.524" x2="1.905" y2="-1.524" width="0.1524" layer="94"/><wire x1="1.905" y1="-1.524" x2="0" y2="1.524" width="0.1524" layer="94"/><wire x1="0" y1="1.524" x2="-1.905" y2="-1.524" width="0.1524" layer="94"/><wire x1="-1.905" y1="-1.524" x2="-3.81" y2="1.524" width="0.1524" layer="94"/><wire x1="-3.81" y1="1.524" x2="-5.08" y2="0" width="0.1524" layer="94"/><wire x1="-5.08" y1="0" x2="-7.62" y2="0" width="0.1524" layer="94"/><text size="2" x="0" y="5.715" layer="95" align="center">&gt;NAME</text><text size="2" x="0" y="3.175" layer="96" align="center">&gt;VALUE</text></symbol><symbol name="ERJ-6ENF7322V@1"><pin name="1@1" x="7.62" y="0" rot="MR0" direction="pas" length="short" visible="off" swaplevel="0"/><pin name="2@2" x="-7.62" y="0" rot="MR180" direction="pas" length="short" visible="off" swaplevel="0"/><wire x1="7.62" y1="0" x2="5.08" y2="0" width="0.1524" layer="94"/><wire x1="5.08" y1="0" x2="3.81" y2="1.524" width="0.1524" layer="94"/><wire x1="3.81" y1="1.524" x2="1.905" y2="-1.524" width="0.1524" layer="94"/><wire x1="1.905" y1="-1.524" x2="0" y2="1.524" width="0.1524" layer="94"/><wire x1="0" y1="1.524" x2="-1.905" y2="-1.524" width="0.1524" layer="94"/><wire x1="-1.905" y1="-1.524" x2="-3.81" y2="1.524" width="0.1524" layer="94"/><wire x1="-3.81" y1="1.524" x2="-5.08" y2="0" width="0.1524" layer="94"/><wire x1="-5.08" y1="0" x2="-7.62" y2="0" width="0.1524" layer="94"/><text size="2" x="0" y="5.715" layer="95" align="center">&gt;NAME</text><text size="2" x="0" y="3.175" layer="96" align="center">&gt;VALUE</text></symbol><symbol name="ERJ-6ENF1051V@1"><pin name="1@1" x="7.62" y="0" rot="MR0" direction="pas" length="short" visible="off" swaplevel="0"/><pin name="2@2" x="-7.62" y="0" rot="MR180" direction="pas" length="short" visible="off" swaplevel="0"/><wire x1="7.62" y1="0" x2="5.08" y2="0" width="0.1524" layer="94"/><wire x1="5.08" y1="0" x2="3.81" y2="1.524" width="0.1524" layer="94"/><wire x1="3.81" y1="1.524" x2="1.905" y2="-1.524" width="0.1524" layer="94"/><wire x1="1.905" y1="-1.524" x2="0" y2="1.524" width="0.1524" layer="94"/><wire x1="0" y1="1.524" x2="-1.905" y2="-1.524" width="0.1524" layer="94"/><wire x1="-1.905" y1="-1.524" x2="-3.81" y2="1.524" width="0.1524" layer="94"/><wire x1="-3.81" y1="1.524" x2="-5.08" y2="0" width="0.1524" layer="94"/><wire x1="-5.08" y1="0" x2="-7.62" y2="0" width="0.1524" layer="94"/><text size="2" x="0" y="5.715" layer="95" align="center">&gt;NAME</text><text size="2" x="0" y="3.175" layer="96" align="center">&gt;VALUE</text></symbol><symbol name="ERJ-6ENF1003V@1"><pin name="1@1" x="7.62" y="0" rot="MR0" direction="pas" length="short" visible="off" swaplevel="0"/><pin name="2@2" x="-7.62" y="0" rot="MR180" direction="pas" length="short" visible="off" swaplevel="0"/><wire x1="7.62" y1="0" x2="5.08" y2="0" width="0.1524" layer="94"/><wire x1="5.08" y1="0" x2="3.81" y2="1.524" width="0.1524" layer="94"/><wire x1="3.81" y1="1.524" x2="1.905" y2="-1.524" width="0.1524" layer="94"/><wire x1="1.905" y1="-1.524" x2="0" y2="1.524" width="0.1524" layer="94"/><wire x1="0" y1="1.524" x2="-1.905" y2="-1.524" width="0.1524" layer="94"/><wire x1="-1.905" y1="-1.524" x2="-3.81" y2="1.524" width="0.1524" layer="94"/><wire x1="-3.81" y1="1.524" x2="-5.08" y2="0" width="0.1524" layer="94"/><wire x1="-5.08" y1="0" x2="-7.62" y2="0" width="0.1524" layer="94"/><text size="2" x="0" y="5.715" layer="95" align="center">&gt;NAME</text><text size="2" x="0" y="3.175" layer="96" align="center">&gt;VALUE</text></symbol><symbol name="LM3150MH/NOPB@1"><pin name="VCC@1" x="25.4" y="22.86" rot="MR0" direction="pas" length="short" visible="both" swaplevel="0"/><pin name="VIN@2" x="-25.4" y="38.1" rot="MR180" direction="pas" length="short" visible="both" swaplevel="0"/><pin name="EN@3" x="-25.4" y="-7.62" rot="MR180" direction="pas" length="short" visible="both" swaplevel="0"/><pin name="FB@4" x="7.62" y="-43.18" rot="MR90" direction="pas" length="short" visible="both" swaplevel="0"/><pin name="SGND@5" x="-25.4" y="-22.86" rot="MR180" direction="pas" length="short" visible="both" swaplevel="0"/><pin name="SS@6" x="-25.4" y="7.62" rot="MR180" direction="pas" length="short" visible="both" swaplevel="0"/><pin name="RON@7" x="-25.4" y="22.86" rot="MR180" direction="pas" length="short" visible="both" swaplevel="0"/><pin name="ILIM@8" x="25.4" y="-22.86" rot="MR0" direction="pas" length="short" visible="both" swaplevel="0"/><pin name="SGND@9" x="-25.4" y="-38.1" rot="MR180" direction="pas" length="short" visible="both" swaplevel="0"/><pin name="SW@10" x="25.4" y="-7.62" rot="MR0" direction="pas" length="short" visible="both" swaplevel="0"/><pin name="HG@11" x="25.4" y="38.1" rot="MR0" direction="pas" length="short" visible="both" swaplevel="0"/><pin name="BST@12" x="25.4" y="7.62" rot="MR0" direction="pas" length="short" visible="both" swaplevel="0"/><pin name="LG@13" x="25.4" y="-38.1" rot="MR0" direction="pas" length="short" visible="both" swaplevel="0"/><pin name="PGND@15" x="-7.62" y="-43.18" rot="MR90" direction="pas" length="short" visible="both" swaplevel="0"/><wire x1="-22.86" y1="40.64" x2="22.86" y2="40.64" width="0.1524" layer="94"/><wire x1="22.86" y1="40.64" x2="22.86" y2="-40.64" width="0.1524" layer="94"/><wire x1="22.86" y1="-40.64" x2="-22.86" y2="-40.64" width="0.1524" layer="94"/><wire x1="-22.86" y1="-40.64" x2="-22.86" y2="40.64" width="0.1524" layer="94"/><wire x1="25.4" y1="22.86" x2="22.86" y2="22.86" width="0.1524" layer="94"/><wire x1="-25.4" y1="38.1" x2="-22.86" y2="38.1" width="0.1524" layer="94"/><wire x1="-25.4" y1="-7.62" x2="-22.86" y2="-7.62" width="0.1524" layer="94"/><wire x1="7.62" y1="-43.18" x2="7.62" y2="-40.64" width="0.1524" layer="94"/><wire x1="-25.4" y1="-22.86" x2="-22.86" y2="-22.86" width="0.1524" layer="94"/><wire x1="-25.4" y1="7.62" x2="-22.86" y2="7.62" width="0.1524" layer="94"/><wire x1="-25.4" y1="22.86" x2="-22.86" y2="22.86" width="0.1524" layer="94"/><wire x1="25.4" y1="-22.86" x2="22.86" y2="-22.86" width="0.1524" layer="94"/><wire x1="-25.4" y1="-38.1" x2="-22.86" y2="-38.1" width="0.1524" layer="94"/><wire x1="25.4" y1="-7.62" x2="22.86" y2="-7.62" width="0.1524" layer="94"/><wire x1="25.4" y1="38.1" x2="22.86" y2="38.1" width="0.1524" layer="94"/><wire x1="25.4" y1="7.62" x2="22.86" y2="7.62" width="0.1524" layer="94"/><wire x1="25.4" y1="-38.1" x2="22.86" y2="-38.1" width="0.1524" layer="94"/><wire x1="-7.62" y1="-43.18" x2="-7.62" y2="-40.64" width="0.1524" layer="94"/><text size="2" x="0" y="2.54" layer="95" align="center">&gt;NAME</text><text size="2" x="0" y="0" layer="96" align="center">&gt;VALUE</text><pin name="DAP@14" x="-7.62" y="-43.18" rot="MR90" direction="pas" length="short" visible="off" swaplevel="0"/></symbol><symbol name="WB_BATTERY@1"><pin name="+@1" x="-7.62" y="0" rot="MR180" direction="pas" length="short" visible="off" swaplevel="0"/><pin name="-@2" x="7.62" y="0" rot="MR0" direction="pas" length="short" visible="off" swaplevel="0"/><wire x1="-2.032" y1="0" x2="-7.62" y2="0" width="0.1524" layer="94"/><wire x1="-1.778" y1="-3.048" x2="-1.778" y2="3.048" width="0.1524" layer="94"/><wire x1="1.016" y1="-3.048" x2="1.016" y2="3.048" width="0.1524" layer="94"/><wire x1="7.62" y1="0" x2="2.794" y2="0" width="0.1524" layer="94"/><wire x1="-0.508" y1="-1.27" x2="-0.508" y2="1.27" width="0.1524" layer="94"/><wire x1="-0.254" y1="-1.27" x2="-0.254" y2="1.27" width="0.1524" layer="94"/><wire x1="-3.556" y1="2.286" x2="-3.556" y2="3.81" width="0.1524" layer="94"/><wire x1="-2.794" y1="3.048" x2="-4.318" y2="3.048" width="0.1524" layer="94"/><wire x1="3.302" y1="2.54" x2="3.302" y2="3.81" width="0.1524" layer="94"/><wire x1="2.54" y1="-1.27" x2="2.54" y2="1.27" width="0.1524" layer="94"/><wire x1="2.286" y1="-1.27" x2="2.286" y2="1.27" width="0.1524" layer="94"/><text size="2" x="0" y="5.08" layer="95" align="center">&gt;NAME</text></symbol><symbol name="GRM32ER61E226KE15L@1"><pin name="1@1" x="7.62" y="0" rot="MR0" direction="pas" length="short" visible="off" swaplevel="0"/><pin name="2@2" x="-7.62" y="0" rot="MR180" direction="pas" length="short" visible="off" swaplevel="0"/><wire x1="7.62" y1="0" x2="5.08" y2="0" width="0.1524" layer="94"/><wire x1="-7.62" y1="0" x2="-5.08" y2="0" width="0.1524" layer="94"/><wire x1="0.762" y1="-3.048" x2="0.762" y2="3.048" width="0.1524" layer="94"/><wire x1="-5.08" y1="0" x2="-0.762" y2="0" width="0.1524" layer="94"/><wire x1="0.762" y1="0" x2="5.08" y2="0" width="0.1524" layer="94"/><wire x1="-0.762" y1="-3.048" x2="-0.762" y2="3.048" width="0.1524" layer="94"/><text size="2" x="0" y="7.62" layer="95" align="center">&gt;NAME</text><text size="2" x="0" y="5.08" layer="96" align="center">&gt;VALUE</text></symbol></symbols><devicesets><deviceset name="C0805C471K5RACTU" prefix=""><gates><gate name="1" addlevel="always" y="0" x="0" symbol="C0805C471K5RACTU@1"/></gates><devices><device name="C0805C471K5RACTU" package="0805"><connects><connect pad="1" pin="1@1" gate="1"/><connect pad="2" pin="2@2" gate="1"/></connects><technologies><technology name=""><attribute name="Cap" value="4.7E-10" constant="no"/><attribute name="ESR" value="0.688" constant="no"/><attribute name="IRMS" value="0.213" constant="no"/><attribute name="VDC" value="50.0" constant="no"/><attribute name="Manufacturer_Part_Number" value="C0805C471K5RACTU" constant="no"/><attribute name="Vendor" value="Kemet" constant="no"/><attribute name="Manufacturer_Name" value="Kemet" constant="no"/></technology></technologies></device></devices></deviceset><deviceset name="EMK212B7474KD-T" prefix=""><gates><gate name="1" addlevel="always" y="0" x="0" symbol="EMK212B7474KD-T@1"/></gates><devices><device name="EMK212B7474KD-T" package="0805"><connects><connect pad="1" pin="1@1" gate="1"/><connect pad="2" pin="2@2" gate="1"/></connects><technologies><technology name=""><attribute name="Cap" value="4.7E-7" constant="no"/><attribute name="ESR" value="0.0" constant="no"/><attribute name="IRMS" value="0.0" constant="no"/><attribute name="VDC" value="16.0" constant="no"/><attribute name="Manufacturer_Part_Number" value="EMK212B7474KD-T" constant="no"/><attribute name="Vendor" value="Taiyo Yuden" constant="no"/><attribute name="Manufacturer_Name" value="Taiyo Yuden" constant="no"/></technology></technologies></device></devices></deviceset><deviceset name="08053C104KAT2A" prefix=""><gates><gate name="1" addlevel="always" y="0" x="0" symbol="08053C104KAT2A@1"/></gates><devices><device name="08053C104KAT2A" package="0805"><connects><connect pad="1" pin="1@1" gate="1"/><connect pad="2" pin="2@2" gate="1"/></connects><technologies><technology name=""><attribute name="Cap" value="1.0E-7" constant="no"/><attribute name="ESR" value="0.28" constant="no"/><attribute name="IRMS" value="0.0" constant="no"/><attribute name="VDC" value="25.0" constant="no"/><attribute name="Manufacturer_Part_Number" value="08053C104KAT2A" constant="no"/><attribute name="Vendor" value="AVX" constant="no"/><attribute name="Manufacturer_Name" value="AVX" constant="no"/></technology></technologies></device></devices></deviceset><deviceset name="WB_CURRENT_LOAD" prefix=""><gates><gate name="1" addlevel="always" y="0" x="0" symbol="WB_CURRENT_LOAD@1"/></gates><devices><device name="WB_CURRENT_LOAD" package="WB_CURRENT_LOAD"><connects><connect pad="1" pin="+@1" gate="1"/><connect pad="2" pin="-@2" gate="1"/></connects><technologies><technology name=""><attribute name="Value" value="Value" constant="no"/><attribute name="Manufacturer_Part_Number" value="WB_CURRENT_LOAD" constant="no"/><attribute name="Manufacturer_Name" value="WB_CURRENT_LOAD" constant="no"/><attribute name="PowerPortType" value="POWER_GROUND" constant="no"/></technology></technologies></device></devices></deviceset><deviceset name="6SVPE220MW" prefix=""><gates><gate name="1" addlevel="always" y="0" x="0" symbol="6SVPE220MW@1"/></gates><devices><device name="6SVPE220MW" package="CAPSMT_62_E61"><connects><connect pad="1" pin="+@1" gate="1"/><connect pad="2" pin="-@2" gate="1"/></connects><technologies><technology name=""><attribute name="Datasheet_URL" value="http://industrial.panasonic.com/www%2Ddata/pdf/AAB8000/AAB8000CE2.pdf" constant="no"/><attribute name="Cap" value="2.2E-4" constant="no"/><attribute name="ESR" value="0.015" constant="no"/><attribute name="IRMS" value="3.15" constant="no"/><attribute name="VDC" value="6.3" constant="no"/><attribute name="Manufacturer_Part_Number" value="6SVPE220MW" constant="no"/><attribute name="Vendor" value="Panasonic" constant="no"/><attribute name="Manufacturer_Name" value="Panasonic" constant="no"/></technology></technologies></device></devices></deviceset><deviceset name="CC0805KRX7R9BB153" prefix=""><gates><gate name="1" addlevel="always" y="0" x="0" symbol="CC0805KRX7R9BB153@1"/></gates><devices><device name="CC0805KRX7R9BB153" package="0805"><connects><connect pad="1" pin="1@1" gate="1"/><connect pad="2" pin="2@2" gate="1"/></connects><technologies><technology name=""><attribute name="Cap" value="1.5E-8" constant="no"/><attribute name="ESR" value="0.0" constant="no"/><attribute name="IRMS" value="0.0" constant="no"/><attribute name="VDC" value="50.0" constant="no"/><attribute name="Manufacturer_Part_Number" value="CC0805KRX7R9BB153" constant="no"/><attribute name="Vendor" value="Yageo America" constant="no"/><attribute name="Manufacturer_Name" value="Yageo America" constant="no"/></technology></technologies></device></devices></deviceset><deviceset name="EMK212B7105KG-T" prefix=""><gates><gate name="1" addlevel="always" y="0" x="0" symbol="EMK212B7105KG-T@1"/></gates><devices><device name="EMK212B7105KG-T" package="0805"><connects><connect pad="1" pin="1@1" gate="1"/><connect pad="2" pin="2@2" gate="1"/></connects><technologies><technology name=""><attribute name="Cap" value="1.0E-6" constant="no"/><attribute name="ESR" value="0.0" constant="no"/><attribute name="IRMS" value="0.0" constant="no"/><attribute name="VDC" value="16.0" constant="no"/><attribute name="Manufacturer_Part_Number" value="EMK212B7105KG-T" constant="no"/><attribute name="Vendor" value="Taiyo Yuden" constant="no"/><attribute name="Manufacturer_Name" value="Taiyo Yuden" constant="no"/></technology></technologies></device></devices></deviceset><deviceset name="WB_GND" prefix=""><gates><gate name="1" addlevel="always" y="0" x="0" symbol="WB_GND@1"/></gates><devices><device name="WB_GND" package="WB_GND"><connects><connect pad="1" pin="1@1" gate="1"/></connects><technologies><technology name=""><attribute name="Value" value="Value" constant="no"/><attribute name="Manufacturer_Part_Number" value="WB_GND" constant="no"/><attribute name="Manufacturer_Name" value="WB_GND" constant="no"/><attribute name="PowerPortType" value="POWER_GROUND" constant="no"/></technology></technologies></device></devices></deviceset><deviceset name="SRP1270-2R2M" prefix=""><gates><gate name="1" addlevel="always" y="0" x="0" symbol="SRP1270-2R2M@1"/></gates><devices><device name="SRP1270-2R2M" package="SRP1270"><connects><connect pad="1" pin="1@1" gate="1"/><connect pad="2" pin="2@2" gate="1"/></connects><technologies><technology name=""><attribute name="L" value="2.2E-6" constant="no"/><attribute name="DCR" value="0.0042" constant="no"/><attribute name="IDC" value="22.0" constant="no"/><attribute name="Manufacturer_Part_Number" value="SRP1270-2R2M" constant="no"/><attribute name="Vendor" value="Bourns" constant="no"/><attribute name="Manufacturer_Name" value="Bourns" constant="no"/></technology></technologies></device></devices></deviceset><deviceset name="CSD16342Q5A" prefix=""><gates><gate name="1" addlevel="always" y="0" x="0" symbol="CSD16342Q5A@1"/></gates><devices><device name="CSD16342Q5A" package="TRANS_NexFET_Q5A"><connects><connect pad="5" pin="Drain@1" gate="1"/><connect pad="6" pin="Drain@2" gate="1"/><connect pad="7" pin="Drain@3" gate="1"/><connect pad="8" pin="Drain@4" gate="1"/><connect pad="9" pin="Drain@5" gate="1"/><connect pad="4" pin="Gate@6" gate="1"/><connect pad="1" pin="Source@7" gate="1"/><connect pad="2" pin="Source@8" gate="1"/><connect pad="3" pin="Source@9" gate="1"/></connects><technologies><technology name=""><attribute name="Datasheet_URL" value="http://www.ti.com/lit/ds/symlink/csd16342q5a.pdf" constant="no"/><attribute name="VdsMax" value="25.0" constant="no"/><attribute name="IdsMax" value="100.0" constant="no"/><attribute name="Rdson45" value="0.0043" constant="no"/><attribute name="QgTyp" value="6.8" constant="no"/><attribute name="Quantity" value="1" constant="no"/><attribute name="Manufacturer_Part_Number" value="CSD16342Q5A" constant="no"/><attribute name="Vendor" value="Texas Instruments" constant="no"/><attribute name="Manufacturer_Name" value="Texas Instruments" constant="no"/></technology></technologies></device></devices></deviceset><deviceset name="CSD17577Q5A" prefix=""><gates><gate name="1" addlevel="always" y="0" x="0" symbol="CSD17577Q5A@1"/></gates><devices><device name="CSD17577Q5A" package="TRANS_NexFET_Q5A"><connects><connect pad="5" pin="Drain@1" gate="1"/><connect pad="6" pin="Drain@2" gate="1"/><connect pad="7" pin="Drain@3" gate="1"/><connect pad="8" pin="Drain@4" gate="1"/><connect pad="9" pin="Drain@5" gate="1"/><connect pad="4" pin="Gate@6" gate="1"/><connect pad="1" pin="Source@7" gate="1"/><connect pad="2" pin="Source@8" gate="1"/><connect pad="3" pin="Source@9" gate="1"/></connects><technologies><technology name=""><attribute name="Datasheet_URL" value="http://www.ti.com/lit/ds/symlink/CSD17577Q5A.pdf" constant="no"/><attribute name="VdsMax" value="30.0V" constant="no"/><attribute name="IdsMax" value="22.0A" constant="no"/><attribute name="Rdsonat10V" value="0.0035Ohm" constant="no"/><attribute name="QgTyp" value="13.0nC" constant="no"/><attribute name="Quantity" value="1" constant="no"/><attribute name="Manufacturer_Part_Number" value="CSD17577Q5A" constant="no"/><attribute name="Vendor" value="Texas Instruments" constant="no"/><attribute name="Manufacturer_Name" value="Texas Instruments" constant="no"/></technology></technologies></device></devices></deviceset><deviceset name="ERJ-6ENF1002V" prefix=""><gates><gate name="1" addlevel="always" y="0" x="0" symbol="ERJ-6ENF1002V@1"/></gates><devices><device name="ERJ-6ENF1002V" package="0805"><connects><connect pad="1" pin="1@1" gate="1"/><connect pad="2" pin="2@2" gate="1"/></connects><technologies><technology name=""><attribute name="Resistance" value="10000.0" constant="no"/><attribute name="Power" value="0.125" constant="no"/><attribute name="Tolerance" value="1.0" constant="no"/><attribute name="Manufacturer_Part_Number" value="ERJ-6ENF1002V" constant="no"/><attribute name="Vendor" value="Panasonic" constant="no"/><attribute name="Manufacturer_Name" value="Panasonic" constant="no"/></technology></technologies></device></devices></deviceset><deviceset name="ERJ-6ENF7322V" prefix=""><gates><gate name="1" addlevel="always" y="0" x="0" symbol="ERJ-6ENF7322V@1"/></gates><devices><device name="ERJ-6ENF7322V" package="0805"><connects><connect pad="1" pin="1@1" gate="1"/><connect pad="2" pin="2@2" gate="1"/></connects><technologies><technology name=""><attribute name="Resistance" value="73200.0" constant="no"/><attribute name="Power" value="0.125" constant="no"/><attribute name="Tolerance" value="1.0" constant="no"/><attribute name="Manufacturer_Part_Number" value="ERJ-6ENF7322V" constant="no"/><attribute name="Vendor" value="Panasonic" constant="no"/><attribute name="Manufacturer_Name" value="Panasonic" constant="no"/></technology></technologies></device></devices></deviceset><deviceset name="ERJ-6ENF1051V" prefix=""><gates><gate name="1" addlevel="always" y="0" x="0" symbol="ERJ-6ENF1051V@1"/></gates><devices><device name="ERJ-6ENF1051V" package="0805"><connects><connect pad="1" pin="1@1" gate="1"/><connect pad="2" pin="2@2" gate="1"/></connects><technologies><technology name=""><attribute name="Resistance" value="1050.0" constant="no"/><attribute name="Power" value="0.125" constant="no"/><attribute name="Tolerance" value="1.0" constant="no"/><attribute name="Manufacturer_Part_Number" value="ERJ-6ENF1051V" constant="no"/><attribute name="Vendor" value="Panasonic" constant="no"/><attribute name="Manufacturer_Name" value="Panasonic" constant="no"/></technology></technologies></device></devices></deviceset><deviceset name="ERJ-6ENF1003V" prefix=""><gates><gate name="1" addlevel="always" y="0" x="0" symbol="ERJ-6ENF1003V@1"/></gates><devices><device name="ERJ-6ENF1003V" package="0805"><connects><connect pad="1" pin="1@1" gate="1"/><connect pad="2" pin="2@2" gate="1"/></connects><technologies><technology name=""><attribute name="Resistance" value="100000.0" constant="no"/><attribute name="Power" value="0.125" constant="no"/><attribute name="Tolerance" value="1.0" constant="no"/><attribute name="Manufacturer_Part_Number" value="ERJ-6ENF1003V" constant="no"/><attribute name="Vendor" value="Panasonic" constant="no"/><attribute name="Manufacturer_Name" value="Panasonic" constant="no"/></technology></technologies></device></devices></deviceset><deviceset name="LM3150MH/NOPB" prefix=""><gates><gate name="1" addlevel="always" y="0" x="0" symbol="LM3150MH/NOPB@1"/></gates><devices><device name="LM3150MH/NOPB" package="MXA14A"><connects><connect pad="1" pin="VCC@1" gate="1"/><connect pad="2" pin="VIN@2" gate="1"/><connect pad="3" pin="EN@3" gate="1"/><connect pad="4" pin="FB@4" gate="1"/><connect pad="5" pin="SGND@5" gate="1"/><connect pad="6" pin="SS@6" gate="1"/><connect pad="7" pin="RON@7" gate="1"/><connect pad="8" pin="ILIM@8" gate="1"/><connect pad="9" pin="SGND@9" gate="1"/><connect pad="10" pin="SW@10" gate="1"/><connect pad="11" pin="HG@11" gate="1"/><connect pad="12" pin="BST@12" gate="1"/><connect pad="13" pin="LG@13" gate="1"/><connect pad="15" pin="DAP@14" gate="1"/><connect pad="14" pin="PGND@15" gate="1"/></connects><technologies><technology name=""><attribute name="Datasheet_URL" value="http://www.ti.com/product/lm3150" constant="no"/><attribute name="Frequency" value="1000000.0" constant="no"/><attribute name="Imax" value="12.0" constant="no"/><attribute name="Package" value="NA" constant="no"/><attribute name="Mktg_Package" value="NA" constant="no"/><attribute name="NSID" value="LM3150MH/NOPB" constant="no"/><attribute name="Manufacturer_Part_Number" value="LM3150MH/NOPB" constant="no"/><attribute name="Vendor" value="Texas Instruments" constant="no"/><attribute name="Manufacturer_Name" value="Texas Instruments" constant="no"/></technology></technologies></device></devices></deviceset><deviceset name="WB_BATTERY" prefix=""><gates><gate name="1" addlevel="always" y="0" x="0" symbol="WB_BATTERY@1"/></gates><devices><device name="WB_BATTERY" package="WB_BATTERY"><connects><connect pad="1" pin="+@1" gate="1"/><connect pad="2" pin="-@2" gate="1"/></connects><technologies><technology name=""><attribute name="Value" value="Value" constant="no"/><attribute name="Manufacturer_Part_Number" value="WB_BATTERY" constant="no"/><attribute name="Manufacturer_Name" value="WB_BATTERY" constant="no"/><attribute name="PowerPortType" value="POWER_GROUND" constant="no"/></technology></technologies></device></devices></deviceset><deviceset name="GRM32ER61E226KE15L" prefix=""><gates><gate name="1" addlevel="always" y="0" x="0" symbol="GRM32ER61E226KE15L@1"/></gates><devices><device name="GRM32ER61E226KE15L" package="1210"><connects><connect pad="1" pin="1@1" gate="1"/><connect pad="2" pin="2@2" gate="1"/></connects><technologies><technology name=""><attribute name="Cap" value="2.2E-5" constant="no"/><attribute name="ESR" value="0.0020" constant="no"/><attribute name="IRMS" value="0.0" constant="no"/><attribute name="VDC" value="25.0" constant="no"/><attribute name="Manufacturer_Part_Number" value="GRM32ER61E226KE15L" constant="no"/><attribute name="Vendor" value="MuRata" constant="no"/><attribute name="Manufacturer_Name" value="MuRata" constant="no"/></technology></technologies></device></devices></deviceset></devicesets></library></libraries><attributes/><variantdefs/><classes><class number="0" name="default" width="0" drill="0"/></classes><parts><part name="CFF" library="AcceleratedDesigns_Lib" device="C0805C471K5RACTU" deviceset="C0805C471K5RACTU" value="470pF"/><part name="CBST" library="AcceleratedDesigns_Lib" device="EMK212B7474KD-T" deviceset="EMK212B7474KD-T" value="470nF"/><part name="CBYP" library="AcceleratedDesigns_Lib" device="08053C104KAT2A" deviceset="08053C104KAT2A" value="100nF"/><part name="CIN" library="AcceleratedDesigns_Lib" device="GRM32ER61E226KE15L" deviceset="GRM32ER61E226KE15L" value="22uF"/><part name="COUT" library="AcceleratedDesigns_Lib" device="6SVPE220MW" deviceset="6SVPE220MW" value="220uF"/><part name="CSS" library="AcceleratedDesigns_Lib" device="CC0805KRX7R9BB153" deviceset="CC0805KRX7R9BB153" value="15nF"/><part name="CVCC" library="AcceleratedDesigns_Lib" device="EMK212B7105KG-T" deviceset="EMK212B7105KG-T" value="1uF"/><part name="GND1" library="AcceleratedDesigns_Lib" device="WB_GND" deviceset="WB_GND" value="WB_GND"/><part name="GND2" library="AcceleratedDesigns_Lib" device="WB_GND" deviceset="WB_GND" value="WB_GND"/><part name="GND3" library="AcceleratedDesigns_Lib" device="WB_GND" deviceset="WB_GND" value="WB_GND"/><part name="GND4" library="AcceleratedDesigns_Lib" device="WB_GND" deviceset="WB_GND" value="WB_GND"/><part name="GND5" library="AcceleratedDesigns_Lib" device="WB_GND" deviceset="WB_GND" value="WB_GND"/><part name="GND6" library="AcceleratedDesigns_Lib" device="WB_GND" deviceset="WB_GND" value="WB_GND"/><part name="GND7" library="AcceleratedDesigns_Lib" device="WB_GND" deviceset="WB_GND" value="WB_GND"/><part name="GND8" library="AcceleratedDesigns_Lib" device="WB_GND" deviceset="WB_GND" value="WB_GND"/><part name="L1" library="AcceleratedDesigns_Lib" device="SRP1270-2R2M" deviceset="SRP1270-2R2M" value="2.2uH"/><part name="M1" library="AcceleratedDesigns_Lib" device="CSD16342Q5A" deviceset="CSD16342Q5A" value="25V"/><part name="M2" library="AcceleratedDesigns_Lib" device="CSD17577Q5A" deviceset="CSD17577Q5A" value="30V"/><part name="RFB1" library="AcceleratedDesigns_Lib" device="ERJ-6ENF1002V" deviceset="ERJ-6ENF1002V" value="10k"/><part name="RFB2" library="AcceleratedDesigns_Lib" device="ERJ-6ENF7322V" deviceset="ERJ-6ENF7322V" value="73.2k"/><part name="RILIM" library="AcceleratedDesigns_Lib" device="ERJ-6ENF1051V" deviceset="ERJ-6ENF1051V" value="1.05k"/><part name="RON" library="AcceleratedDesigns_Lib" device="ERJ-6ENF1003V" deviceset="ERJ-6ENF1003V" value="100k"/><part name="U1" library="AcceleratedDesigns_Lib" device="LM3150MH/NOPB" deviceset="LM3150MH/NOPB" value="LM3150MH/NOPB"/><part name="VIN" library="AcceleratedDesigns_Lib" device="WB_BATTERY" deviceset="WB_BATTERY" value="WB_BATTERY"/><part name="IOUT" library="AcceleratedDesigns_Lib" device="WB_CURRENT_LOAD" deviceset="WB_CURRENT_LOAD" value="WB_CURRENT_LOAD"/><part name="CIN_2" library="AcceleratedDesigns_Lib" device="GRM32ER61E226KE15L" deviceset="GRM32ER61E226KE15L" value="22uF"/></parts><sheets><sheet><plain/><instances><instance part="Cff" gate="1" x="269.24" y="99.06" rot="R90" smashed="yes"><attribute name="NAME" x="272.288" y="103.378" size="2" layer="95" rot="R0" align="bottom-left"/><attribute name="VALUE" x="272.288" y="98.806" size="2" layer="96" rot="R0" align="bottom-left"/></instance><instance part="Cbst" gate="1" x="184.15" y="104.14" rot="R90" smashed="yes"><attribute name="NAME" x="187.198" y="108.458" size="2" layer="95" rot="R0" align="bottom-left"/><attribute name="VALUE" x="187.198" y="103.886" size="2" layer="96" rot="R0" align="bottom-left"/></instance><instance part="Cbyp" gate="1" x="82.55" y="134.62" rot="R90" smashed="yes"><attribute name="NAME" x="85.598" y="138.938" size="2" layer="95" rot="R0" align="bottom-left"/><attribute name="VALUE" x="85.598" y="134.366" size="2" layer="96" rot="R0" align="bottom-left"/></instance><instance part="Cin" gate="1" x="44.45" y="134.62" rot="R90" smashed="yes"><attribute name="NAME" x="47.498" y="138.938" size="2" layer="95" rot="R0" align="bottom-left"/><attribute name="VALUE" x="47.498" y="134.366" size="2" layer="96" rot="R0" align="bottom-left"/></instance><instance part="Cout" gate="1" x="300.99" y="83.82" rot="R90" smashed="yes"><attribute name="NAME" x="304.292" y="88.392" size="2" layer="95" rot="R0" align="bottom-left"/><attribute name="VALUE" x="304.292" y="83.82" size="2" layer="96" rot="R0" align="bottom-left"/></instance><instance part="Css" gate="1" x="97.79" y="104.14" rot="R90" smashed="yes"><attribute name="NAME" x="100.838" y="108.458" size="2" layer="95" rot="R0" align="bottom-left"/><attribute name="VALUE" x="100.838" y="103.886" size="2" layer="96" rot="R0" align="bottom-left"/></instance><instance part="Cvcc" gate="1" x="201.93" y="119.38" rot="R90" smashed="yes"><attribute name="NAME" x="204.978" y="123.698" size="2" layer="95" rot="R0" align="bottom-left"/><attribute name="VALUE" x="204.978" y="119.126" size="2" layer="96" rot="R0" align="bottom-left"/></instance><instance part="GND1" gate="1" x="72.39" y="106.68" rot="R0" smashed="yes"><attribute name="NAME" x="72.39" y="112.268" size="2" layer="95" display="off" rot="R0" align="bottom-center"/></instance><instance part="GND2" gate="1" x="97.79" y="93.98" rot="R0" smashed="yes"><attribute name="NAME" x="97.79" y="99.568" size="2" layer="95" display="off" rot="R0" align="bottom-center"/></instance><instance part="GND3" gate="1" x="95.25" y="63.5" rot="R0" smashed="yes"><attribute name="NAME" x="95.25" y="69.088" size="2" layer="95" display="off" rot="R0" align="bottom-center"/></instance><instance part="GND4" gate="1" x="133.35" y="27.94" rot="R0" smashed="yes"><attribute name="NAME" x="133.35" y="33.528" size="2" layer="95" display="off" rot="R0" align="bottom-center"/></instance><instance part="GND5" gate="1" x="201.93" y="109.22" rot="R0" smashed="yes"><attribute name="NAME" x="201.93" y="114.808" size="2" layer="95" display="off" rot="R0" align="bottom-center"/></instance><instance part="GND6" gate="1" x="224.79" y="43.18" rot="R0" smashed="yes"><attribute name="NAME" x="224.79" y="48.768" size="2" layer="95" display="off" rot="R0" align="bottom-center"/></instance><instance part="GND7" gate="1" x="283.21" y="53.34" rot="R0" smashed="yes"><attribute name="NAME" x="283.21" y="58.928" size="2" layer="95" display="off" rot="R0" align="bottom-center"/></instance><instance part="GND8" gate="1" x="300.99" y="53.34" rot="R0" smashed="yes"><attribute name="NAME" x="300.99" y="58.928" size="2" layer="95" display="off" rot="R0" align="bottom-center"/></instance><instance part="L1" gate="1" x="240.03" y="111.76" rot="R0" smashed="yes"><attribute name="NAME" x="240.03" y="116.078" size="2" layer="95" rot="R0" align="bottom-center"/><attribute name="VALUE" x="240.03" y="106.68" size="2" layer="96" rot="R0" align="bottom-center"/></instance><instance part="M1" gate="1" x="220.98" y="142.24" rot="R0" smashed="yes"><attribute name="NAME" x="220.98" y="149.86" size="2" layer="95" rot="R0" align="top-center"/><attribute name="VALUE" x="220.98" y="134.62" size="2" layer="96" rot="R0" align="bottom-center"/></instance><instance part="M2" gate="1" x="220.98" y="66.04" rot="R0" smashed="yes"><attribute name="NAME" x="220.98" y="73.66" size="2" layer="95" rot="R0" align="top-center"/><attribute name="VALUE" x="220.98" y="58.42" size="2" layer="96" rot="R0" align="bottom-center"/></instance><instance part="Rfb1" gate="1" x="283.21" y="68.58" rot="R90" smashed="yes"><attribute name="NAME" x="284.734" y="71.374" size="2" layer="95" rot="R0" align="bottom-left"/><attribute name="VALUE" x="284.734" y="66.802" size="2" layer="96" rot="R0" align="bottom-left"/></instance><instance part="Rfb2" gate="1" x="283.21" y="99.06" rot="R90" smashed="yes"><attribute name="NAME" x="284.734" y="101.854" size="2" layer="95" rot="R0" align="bottom-left"/><attribute name="VALUE" x="284.734" y="97.282" size="2" layer="96" rot="R0" align="bottom-left"/></instance><instance part="Rilim" gate="1" x="184.15" y="81.28" rot="R0" smashed="yes"><attribute name="NAME" x="184.15" y="85.852" size="2" layer="95" rot="R0" align="bottom-center"/><attribute name="VALUE" x="184.15" y="75.946" size="2" layer="96" rot="R0" align="bottom-center"/></instance><instance part="Ron" gate="1" x="97.79" y="144.78" rot="R90" smashed="yes"><attribute name="NAME" x="99.314" y="147.574" size="2" layer="95" rot="R0" align="bottom-left"/><attribute name="VALUE" x="99.314" y="143.002" size="2" layer="96" rot="R0" align="bottom-left"/></instance><instance part="U1" gate="1" x="140.97" y="104.14" rot="R0" smashed="yes"><attribute name="NAME" x="140.97" y="104.14" size="2" layer="95" rot="R0" align="bottom-center"/><attribute name="TYPE" x="140.97" y="100.33" size="2" layer="96" rot="R0" align="bottom-center"/></instance><instance part="Vin" gate="1" x="29.21" y="144.78" rot="R270" smashed="yes"><attribute name="NAME" x="33.02" y="149.86" size="2" layer="95" rot="R0" align="bottom-left"/></instance><instance part="Iout" gate="1" x="323.85" y="76.2" rot="R270" smashed="yes"><attribute name="NAME" x="327.914" y="81.534" size="2" layer="95" rot="R0" align="bottom-left"/></instance><instance part="Cin_2" gate="1" x="62.23" y="134.62" rot="R90" smashed="yes"><attribute name="NAME" x="65.278" y="138.938" size="2" layer="95" rot="R0" align="bottom-left"/><attribute name="VALUE" x="65.278" y="134.366" size="2" layer="96" rot="R0" align="bottom-left"/></instance></instances><busses/><nets><net name="4" class="0"><segment><pinref part="Cff" pin="1@1" gate="1"/><pinref part="Cout" pin="+@1" gate="1"/><pinref part="L1" pin="2@2" gate="1"/><pinref part="Rfb2" pin="1@1" gate="1"/><pinref part="Iout" pin="+@1" gate="1"/><wire x1="269.24" y1="106.68" x2="269.24" y2="111.76" width="0" layer="91"/><wire x1="283.21" y1="106.68" x2="283.21" y2="111.76" width="0" layer="91"/><wire x1="300.99" y1="91.44" x2="300.99" y2="111.76" width="0" layer="91"/><wire x1="247.65" y1="111.76" x2="323.85" y2="111.76" width="0" layer="91"/><wire x1="323.85" y1="83.82" x2="323.85" y2="111.76" width="0" layer="91"/></segment></net><net name="5" class="0"><segment><pinref part="Cff" pin="2@2" gate="1"/><pinref part="Rfb1" pin="1@1" gate="1"/><pinref part="Rfb2" pin="2@2" gate="1"/><pinref part="U1" pin="FB@4" gate="1"/><wire x1="269.24" y1="86.36" x2="269.24" y2="91.44" width="0" layer="91"/><wire x1="148.59" y1="60.96" x2="148.59" y2="35.56" width="0" layer="91"/><wire x1="262.89" y1="35.56" x2="148.59" y2="35.56" width="0" layer="91"/><wire x1="262.89" y1="35.56" x2="262.89" y2="86.36" width="0" layer="91"/><wire x1="262.89" y1="86.36" x2="283.21" y2="86.36" width="0" layer="91"/><wire x1="283.21" y1="76.2" x2="283.21" y2="91.44" width="0" layer="91"/></segment></net><net name="9" class="0"><segment><pinref part="Cbst" pin="1@1" gate="1"/><pinref part="U1" pin="BST@12" gate="1"/><wire x1="166.37" y1="111.76" x2="184.15" y2="111.76" width="0" layer="91"/></segment></net><net name="6" class="0"><segment><pinref part="Cbst" pin="2@2" gate="1"/><pinref part="L1" pin="1@1" gate="1"/><pinref part="M1" pin="Source@7" gate="1"/><pinref part="M1" pin="Source@8" gate="1"/><pinref part="M1" pin="Source@9" gate="1"/><pinref part="M2" pin="Drain@1" gate="1"/><pinref part="M2" pin="Drain@2" gate="1"/><pinref part="M2" pin="Drain@3" gate="1"/><pinref part="M2" pin="Drain@4" gate="1"/><pinref part="M2" pin="Drain@5" gate="1"/><pinref part="Rilim" pin="1@1" gate="1"/><pinref part="U1" pin="SW@10" gate="1"/><wire x1="166.37" y1="96.52" x2="224.79" y2="96.52" width="0" layer="91"/><wire x1="201.93" y1="81.28" x2="191.77" y2="81.28" width="0" layer="91"/><wire x1="201.93" y1="81.28" x2="201.93" y2="96.52" width="0" layer="91"/><wire x1="224.79" y1="111.76" x2="232.41" y2="111.76" width="0" layer="91"/><wire x1="224.79" y1="73.66" x2="224.79" y2="134.62" width="0" layer="91"/></segment></net><net name="2" class="0"><segment><pinref part="Cbyp" pin="1@1" gate="1"/><pinref part="Cin" pin="1@1" gate="1"/><pinref part="M1" pin="Drain@1" gate="1"/><pinref part="M1" pin="Drain@2" gate="1"/><pinref part="M1" pin="Drain@3" gate="1"/><pinref part="M1" pin="Drain@4" gate="1"/><pinref part="M1" pin="Drain@5" gate="1"/><pinref part="Ron" pin="1@1" gate="1"/><pinref part="U1" pin="VIN@2" gate="1"/><pinref part="Vin" pin="+@1" gate="1"/><pinref part="Cin_2" pin="1@1" gate="1"/><wire x1="44.45" y1="142.24" x2="44.45" y2="165.1" width="0" layer="91"/><wire x1="82.55" y1="142.24" x2="82.55" y2="165.1" width="0" layer="91"/><wire x1="97.79" y1="152.4" x2="97.79" y2="165.1" width="0" layer="91"/><wire x1="110.49" y1="165.1" x2="110.49" y2="142.24" width="0" layer="91"/><wire x1="115.57" y1="142.24" x2="110.49" y2="142.24" width="0" layer="91"/><wire x1="224.79" y1="149.86" x2="224.79" y2="165.1" width="0" layer="91"/><wire x1="29.21" y1="165.1" x2="224.79" y2="165.1" width="0" layer="91"/><wire x1="29.21" y1="152.4" x2="29.21" y2="165.1" width="0" layer="91"/><wire x1="44.45" y1="142.24" x2="62.23" y2="142.24" width="0" layer="91"/></segment></net><net name="0" class="0"><segment><pinref part="Cbyp" pin="2@2" gate="1"/><pinref part="Cin" pin="2@2" gate="1"/><pinref part="Cout" pin="-@2" gate="1"/><pinref part="Css" pin="2@2" gate="1"/><pinref part="Cvcc" pin="2@2" gate="1"/><pinref part="GND1" pin="1@1" gate="1"/><pinref part="GND2" pin="1@1" gate="1"/><pinref part="GND3" pin="1@1" gate="1"/><pinref part="GND4" pin="1@1" gate="1"/><pinref part="GND5" pin="1@1" gate="1"/><pinref part="GND6" pin="1@1" gate="1"/><pinref part="GND7" pin="1@1" gate="1"/><pinref part="GND8" pin="1@1" gate="1"/><pinref part="M2" pin="Source@7" gate="1"/><pinref part="M2" pin="Source@8" gate="1"/><pinref part="M2" pin="Source@9" gate="1"/><pinref part="Rfb1" pin="2@2" gate="1"/><pinref part="U1" pin="SGND@5" gate="1"/><pinref part="U1" pin="SGND@9" gate="1"/><pinref part="U1" pin="PGND@15" gate="1"/><pinref part="U1" pin="DAP@14" gate="1"/><pinref part="Vin" pin="-@2" gate="1"/><pinref part="Iout" pin="-@2" gate="1"/><pinref part="Cin_2" pin="2@2" gate="1"/><wire x1="44.45" y1="109.22" x2="44.45" y2="127" width="0" layer="91"/><wire x1="82.55" y1="109.22" x2="82.55" y2="127" width="0" layer="91"/><wire x1="95.25" y1="66.04" x2="95.25" y2="81.28" width="0" layer="91"/><wire x1="115.57" y1="66.04" x2="95.25" y2="66.04" width="0" layer="91"/><wire x1="115.57" y1="81.28" x2="95.25" y2="81.28" width="0" layer="91"/><wire x1="133.35" y1="30.48" x2="133.35" y2="60.96" width="0" layer="91"/><wire x1="224.79" y1="58.42" x2="224.79" y2="45.72" width="0" layer="91"/><wire x1="283.21" y1="55.88" x2="283.21" y2="60.96" width="0" layer="91"/><wire x1="300.99" y1="55.88" x2="300.99" y2="76.2" width="0" layer="91"/><wire x1="300.99" y1="55.88" x2="323.85" y2="55.88" width="0" layer="91"/><wire x1="29.21" y1="109.22" x2="82.55" y2="109.22" width="0" layer="91"/><wire x1="29.21" y1="109.22" x2="29.21" y2="137.16" width="0" layer="91"/><wire x1="323.85" y1="55.88" x2="323.85" y2="68.58" width="0" layer="91"/><wire x1="44.45" y1="127" x2="62.23" y2="127" width="0" layer="91"/><wire x1="97.79" y1="96.52" x2="97.79" y2="96.52" width="0" layer="91"/><wire x1="201.93" y1="111.76" x2="201.93" y2="111.76" width="0" layer="91"/></segment></net><net name="1" class="0"><segment><pinref part="Css" pin="1@1" gate="1"/><pinref part="U1" pin="SS@6" gate="1"/><wire x1="115.57" y1="111.76" x2="97.79" y2="111.76" width="0" layer="91"/></segment></net><net name="10" class="0"><segment><pinref part="Cvcc" pin="1@1" gate="1"/><pinref part="U1" pin="VCC@1" gate="1"/><wire x1="166.37" y1="127" x2="201.93" y2="127" width="0" layer="91"/></segment></net><net name="8" class="0"><segment><pinref part="M1" pin="Gate@6" gate="1"/><pinref part="U1" pin="HG@11" gate="1"/><wire x1="166.37" y1="142.24" x2="217.17" y2="142.24" width="0" layer="91"/></segment></net><net name="7" class="0"><segment><pinref part="M2" pin="Gate@6" gate="1"/><pinref part="U1" pin="LG@13" gate="1"/><wire x1="166.37" y1="66.04" x2="217.17" y2="66.04" width="0" layer="91"/></segment></net><net name="11" class="0"><segment><pinref part="Rilim" pin="2@2" gate="1"/><pinref part="U1" pin="ILIM@8" gate="1"/><wire x1="176.53" y1="81.28" x2="166.37" y2="81.28" width="0" layer="91"/></segment></net><net name="3" class="0"><segment><pinref part="Ron" pin="2@2" gate="1"/><pinref part="U1" pin="RON@7" gate="1"/><wire x1="97.79" y1="127" x2="97.79" y2="137.16" width="0" layer="91"/><wire x1="97.79" y1="127" x2="115.57" y2="127" width="0" layer="91"/></segment></net></nets></sheet></sheets></schematic></drawing></eagle>
