<eagle version="6.4"><drawing><settings><setting alwaysvectorfont="no" verticaltext="up"/></settings><grid altunit="inch" altunitdist="inch" altdistance="0.025" display="no" multiple="1" style="lines" unit="inch" unitdist="inch" distance="0.05"/><layers><layer active="yes" visible="yes" fill="1" color="1" name="Reference" number="49"/><layer active="yes" visible="yes" fill="1" color="6" name="tPlace" number="25"/><layer active="yes" visible="yes" fill="1" color="2" name="tDocu" number="21"/><layer active="yes" visible="yes" fill="1" color="2" name="tCream" number="31"/><layer active="yes" visible="yes" fill="1" color="4" name="TOP" number="1"/><layer active="yes" visible="yes" fill="1" color="15" name="tStop" number="29"/><layer active="yes" visible="yes" fill="1" color="1" name="BOTTOM" number="16"/><layer active="yes" visible="yes" fill="1" color="7" name="bStop" number="30"/><layer active="yes" visible="yes" fill="1" color="7" name="bCream" number="32"/><layer active="yes" visible="yes" fill="1" color="3" name="bDocu" number="22"/><layer active="yes" visible="yes" fill="1" color="3" name="bPlace" number="26"/><layer active="yes" visible="yes" fill="1" color="5" name="Holes" number="45"/><layer active="yes" visible="yes" fill="1" color="5" name="Info" number="97"/><layer active="yes" visible="yes" fill="1" color="5" name="Guide" number="98"/><layer active="yes" visible="yes" fill="1" color="4" name="tValues" number="27"/><layer active="yes" visible="yes" fill="1" color="4" name="bValues" number="28"/><layer active="yes" visible="yes" fill="1" color="4" name="INTERNAL1" number="2"/><layer active="yes" visible="yes" fill="1" color="6" name="INTERNAL2" number="3"/><layer active="yes" visible="yes" fill="1" color="5" name="INTERNAL3" number="4"/><layer active="yes" visible="yes" fill="1" color="5" name="INTERNAL4" number="5"/><layer active="yes" visible="yes" fill="1" color="1" name="INTERNAL5" number="6"/><layer active="yes" visible="yes" fill="1" color="1" name="INTERNAL6" number="7"/><layer active="yes" visible="yes" fill="1" color="1" name="INTERNAL7" number="8"/><layer active="yes" visible="yes" fill="1" color="1" name="INTERNAL8" number="9"/><layer active="yes" visible="yes" fill="1" color="2" name="Values" number="96"/><layer active="yes" visible="yes" fill="1" color="1" name="FAB" number="49"/><layer active="yes" visible="yes" fill="1" color="1" name="ASSEMBLY_DETAIL" number="49"/><layer active="yes" visible="yes" fill="1" color="1" name="BOARD_OUTLINE" number="49"/><layer active="yes" visible="yes" fill="1" color="1" name="CopyRight" number="49"/><layer active="yes" visible="yes" fill="1" color="1" name="BRDOUT" number="20"/><layer active="yes" visible="yes" fill="1" color="1" name="NOTES" number="48"/><layer active="yes" visible="yes" fill="1" color="1" name="ASSYNOTES" number="21"/><layer active="yes" visible="yes" fill="1" color="1" name="STACKUP" number="46"/></layers><board><plain><wire layer="49" width="0.0254" y2="97.3328" x2="25.4" y1="25.4" x1="25.4"/><wire layer="49" width="0.1016" y2="97.3328" x2="25.4" y1="25.4" x1="25.4"/><wire layer="49" width="0.0254" y2="97.3328" x2="108.2294" y1="97.3328" x1="25.4"/><wire layer="49" width="0.1016" y2="97.3328" x2="108.2294" y1="97.3328" x1="25.4"/><wire layer="49" width="0.0254" y2="25.4" x2="108.2294" y1="97.3328" x1="108.2294"/><wire layer="49" width="0.1016" y2="25.4" x2="108.2294" y1="97.3328" x1="108.2294"/><wire layer="49" width="0.0254" y2="25.4" x2="25.4" y1="25.4" x1="108.2294"/><wire layer="49" width="0.1016" y2="25.4" x2="25.4" y1="25.4" x1="108.2294"/><text align="bottom-left" layer="21" size="1.778" y="90.17" x="68.4022">Cin</text><text align="bottom-left" layer="21" size="1.778" y="94.615" x="32.4866">Design Rules:</text><text align="bottom-left" layer="21" size="1.778" y="92.329" x="32.4866">Min Clearance: 10mill</text><text align="bottom-left" layer="21" size="1.778" y="90.297" x="32.4866">Min Track Width: 10mil</text></plain><libraries><library name="ultra-librarian"><packages><package name="0805"><smd layer="1" dx="1.1176" dy="1.4478" y="0" x="-0.9017" name="1"/><smd layer="1" dx="1.1176" dy="1.4478" y="0" x="0.9017" name="2"/><wire layer="25" width="0" y2="0.7239" x2="-0.3429" y1="-0.7239" x1="-0.3429"/><wire layer="25" width="0" y2="0.7239" x2="-1.1049" y1="0.7239" x1="-0.3429"/><wire layer="25" width="0" y2="-0.7239" x2="-1.1049" y1="0.7239" x1="-1.1049"/><wire layer="25" width="0" y2="-0.7239" x2="-0.3429" y1="-0.7239" x1="-1.1049"/><wire layer="25" width="0" y2="-0.7239" x2="0.3429" y1="0.7239" x1="0.3429"/><wire layer="25" width="0" y2="-0.7239" x2="1.1049" y1="-0.7239" x1="0.3429"/><wire layer="25" width="0" y2="0.7239" x2="1.1049" y1="-0.7239" x1="1.1049"/><wire layer="25" width="0" y2="0.7239" x2="0.3429" y1="0.7239" x1="1.1049"/><wire layer="25" width="0" y2="-0.7239" x2="1.1049" y1="-0.7239" x1="-1.1049"/><wire layer="25" width="0" y2="0.7239" x2="1.1049" y1="-0.7239" x1="1.1049"/><wire layer="25" width="0" y2="0.7239" x2="-1.1049" y1="0.7239" x1="1.1049"/><wire layer="25" width="0" y2="-0.7239" x2="-1.1049" y1="0.7239" x1="-1.1049"/></package><package name="1210"><smd layer="1" dx="1.1176" dy="2.6924" y="0" x="-1.4986" name="1"/><smd layer="1" dx="1.1176" dy="2.6924" y="0" x="1.4986" name="2"/><wire layer="25" width="0" y2="1.3462" x2="-0.9398" y1="-1.3462" x1="-0.9398"/><wire layer="25" width="0" y2="1.3462" x2="-1.7018" y1="1.3462" x1="-0.9398"/><wire layer="25" width="0" y2="-1.3462" x2="-1.7018" y1="1.3462" x1="-1.7018"/><wire layer="25" width="0" y2="-1.3462" x2="-0.9398" y1="-1.3462" x1="-1.7018"/><wire layer="25" width="0" y2="-1.3462" x2="0.9398" y1="1.3462" x1="0.9398"/><wire layer="25" width="0" y2="-1.3462" x2="1.7018" y1="-1.3462" x1="0.9398"/><wire layer="25" width="0" y2="1.3462" x2="1.7018" y1="-1.3462" x1="1.7018"/><wire layer="25" width="0" y2="1.3462" x2="0.9398" y1="1.3462" x1="1.7018"/><wire layer="21" width="0.1524" y2="-1.3462" x2="0.6071" y1="-1.3462" x1="-0.6071"/><wire layer="21" width="0.1524" y2="1.3462" x2="-0.6071" y1="1.3462" x1="0.6071"/><wire layer="25" width="0" y2="-1.3462" x2="1.7018" y1="-1.3462" x1="-1.7018"/><wire layer="25" width="0" y2="1.3462" x2="1.7018" y1="-1.3462" x1="1.7018"/><wire layer="25" width="0" y2="1.3462" x2="-1.7018" y1="1.3462" x1="1.7018"/><wire layer="25" width="0" y2="-1.3462" x2="-1.7018" y1="1.3462" x1="-1.7018"/></package><package name="CAPSMT_62_E61"><smd layer="1" dx="2.9337" dy="0.7874" y="0" x="-1.6574" name="1"/><smd layer="1" dx="2.9337" dy="0.7874" y="0" x="1.6574" name="2"/><wire layer="21" width="0.1524" y2="2.7559" x2="2.7559" y1="0.7264" x1="2.7559"/><wire layer="21" width="0.1524" y2="-2.7559" x2="-2.7559" y1="-0.7264" x1="-2.7559"/><wire layer="25" width="0" y2="0" x2="-4.6228" y1="0" x1="-3.8608"/><wire layer="25" width="0" y2="-0.381" x2="-4.2418" y1="0.381" x1="-4.2418"/><wire layer="21" width="0.1524" y2="0" x2="-4.6228" y1="0" x1="-3.8608"/><wire layer="21" width="0.1524" y2="-0.381" x2="-4.2418" y1="0.381" x1="-4.2418"/><wire layer="25" width="0" y2="2.7559" x2="-1.378" y1="1.378" x1="-2.7559"/><wire layer="25" width="0" y2="-2.7559" x2="-1.378" y1="-1.378" x1="-2.7559"/><wire layer="21" width="0.1524" y2="2.7559" x2="-1.378" y1="1.378" x1="-2.7559"/><wire layer="21" width="0.1524" y2="-2.7559" x2="-1.378" y1="-1.378" x1="-2.7559"/><wire layer="21" width="0.1524" y2="-2.7559" x2="2.7559" y1="-2.7559" x1="-2.7559"/><wire layer="21" width="0.1524" y2="-0.7264" x2="2.7559" y1="-2.7559" x1="2.7559"/><wire layer="21" width="0.1524" y2="2.7559" x2="-2.7559" y1="2.7559" x1="2.7559"/><wire layer="21" width="0.1524" y2="0.7264" x2="-2.7559" y1="2.7559" x1="-2.7559"/><wire layer="25" width="0" y2="-2.7559" x2="2.7559" y1="-2.7559" x1="-2.7559"/><wire layer="25" width="0" y2="2.7559" x2="2.7559" y1="-2.7559" x1="2.7559"/><wire layer="25" width="0" y2="2.7559" x2="-2.7559" y1="2.7559" x1="2.7559"/><wire layer="25" width="0" y2="-2.7559" x2="-2.7559" y1="2.7559" x1="-2.7559"/></package><package name="SMA"><smd layer="1" dx="2.1844" dy="1.6256" y="0" x="-1.8542" name="1"/><smd layer="1" dx="2.1844" dy="1.6256" y="0" x="1.8542" name="2"/><wire layer="25" width="0" y2="0.8128" x2="-2.2987" y1="-0.8128" x1="-2.2987"/><wire layer="25" width="0" y2="0.8128" x2="-2.794" y1="0.8128" x1="-2.2987"/><wire layer="25" width="0" y2="-0.8128" x2="-2.794" y1="0.8128" x1="-2.794"/><wire layer="25" width="0" y2="-0.8128" x2="-2.2987" y1="-0.8128" x1="-2.794"/><wire layer="25" width="0" y2="-0.8128" x2="2.2987" y1="0.8128" x1="2.2987"/><wire layer="25" width="0" y2="-0.8128" x2="2.794" y1="-0.8128" x1="2.2987"/><wire layer="25" width="0" y2="0.8128" x2="2.794" y1="-0.8128" x1="2.794"/><wire layer="25" width="0" y2="0.8128" x2="2.2987" y1="0.8128" x1="2.794"/><wire layer="21" width="0.1524" y2="1.4605" x2="2.2987" y1="1.1455" x1="2.2987"/><wire layer="21" width="0.1524" y2="-1.4605" x2="-2.2987" y1="-1.1455" x1="-2.2987"/><wire layer="25" width="0" y2="1.4605" x2="-1.5684" y1="0.7302" x1="-2.2987"/><wire layer="25" width="0" y2="-1.4605" x2="-1.5684" y1="-0.7302" x1="-2.2987"/><wire layer="25" width="0" y2="0" x2="-4.4323" y1="0" x1="-3.1623"/><wire layer="25" width="0" y2="-0.635" x2="-4.1783" y1="0.635" x1="-4.1783"/><wire layer="25" width="0" y2="0.635" x2="-3.4163" y1="0" x1="-4.1783"/><wire layer="25" width="0" y2="0.508" x2="-3.4163" y1="0" x1="-4.1783"/><wire layer="25" width="0" y2="0.381" x2="-3.4163" y1="0" x1="-4.1783"/><wire layer="25" width="0" y2="0.254" x2="-3.4163" y1="0" x1="-4.1783"/><wire layer="25" width="0" y2="0.127" x2="-3.4163" y1="0" x1="-4.1783"/><wire layer="25" width="0" y2="-0.635" x2="-3.4163" y1="0" x1="-4.1783"/><wire layer="25" width="0" y2="-0.508" x2="-3.4163" y1="0" x1="-4.1783"/><wire layer="25" width="0" y2="-0.381" x2="-3.4163" y1="0" x1="-4.1783"/><wire layer="25" width="0" y2="-0.254" x2="-3.4163" y1="0" x1="-4.1783"/><wire layer="25" width="0" y2="-0.127" x2="-3.4163" y1="0" x1="-4.1783"/><wire layer="25" width="0" y2="-0.635" x2="-3.4163" y1="0.635" x1="-3.4163"/><wire layer="21" width="0.1524" y2="0" x2="-4.4323" y1="0" x1="-3.2791"/><wire layer="21" width="0.1524" y2="-0.635" x2="-4.1783" y1="0.635" x1="-4.1783"/><wire layer="21" width="0.1524" y2="0.635" x2="-3.4163" y1="0" x1="-4.1783"/><wire layer="21" width="0.1524" y2="0.508" x2="-3.4163" y1="0" x1="-4.1783"/><wire layer="21" width="0.1524" y2="0.381" x2="-3.4163" y1="0" x1="-4.1783"/><wire layer="21" width="0.1524" y2="0.254" x2="-3.4163" y1="0" x1="-4.1783"/><wire layer="21" width="0.1524" y2="0.127" x2="-3.4163" y1="0" x1="-4.1783"/><wire layer="21" width="0.1524" y2="-0.635" x2="-3.4163" y1="0" x1="-4.1783"/><wire layer="21" width="0.1524" y2="-0.508" x2="-3.4163" y1="0" x1="-4.1783"/><wire layer="21" width="0.1524" y2="-0.381" x2="-3.4163" y1="0" x1="-4.1783"/><wire layer="21" width="0.1524" y2="-0.254" x2="-3.4163" y1="0" x1="-4.1783"/><wire layer="21" width="0.1524" y2="-0.127" x2="-3.4163" y1="0" x1="-4.1783"/><wire layer="21" width="0.1524" y2="-0.635" x2="-3.4163" y1="0.635" x1="-3.4163"/><wire layer="21" width="0.1524" y2="-1.4605" x2="2.2987" y1="-1.4605" x1="-2.2987"/><wire layer="21" width="0.1524" y2="-1.1455" x2="2.2987" y1="-1.4605" x1="2.2987"/><wire layer="21" width="0.1524" y2="1.4605" x2="-2.2987" y1="1.4605" x1="2.2987"/><wire layer="21" width="0.1524" y2="1.1455" x2="-2.2987" y1="1.4605" x1="-2.2987"/><wire layer="25" width="0" y2="-1.4605" x2="2.2987" y1="-1.4605" x1="-2.2987"/><wire layer="25" width="0" y2="1.4605" x2="2.2987" y1="-1.4605" x1="2.2987"/><wire layer="25" width="0" y2="1.4605" x2="-2.2987" y1="1.4605" x1="2.2987"/><wire layer="25" width="0" y2="-1.4605" x2="-2.2987" y1="1.4605" x1="-2.2987"/></package><package name="TP-1502"><pad shape="round" drill="0.8128" y="0" x="0" name="1"/></package><package name="SRP1270"><smd layer="1" dx="4.0005" dy="4.4958" y="0" x="-5.5054" name="1"/><smd layer="1" dx="4.0005" dy="4.4958" y="0" x="5.5054" name="2"/><wire layer="21" width="0.1524" y2="-6.8453" x2="6.8453" y1="-2.5806" x1="6.8453"/><wire layer="21" width="0.1524" y2="6.8453" x2="-6.8453" y1="2.5806" x1="-6.8453"/><wire layer="21" width="0.1524" y2="6.8453" x2="6.4516" y1="6.8453" x1="-6.4516"/><wire layer="21" width="0.1524" y2="6.8453" x2="6.8453" y1="6.8453" x1="6.4516"/><wire layer="21" width="0.1524" y2="2.5806" x2="6.8453" y1="6.8453" x1="6.8453"/><wire layer="21" width="0.1524" y2="-6.8453" x2="6.4516" y1="-6.8453" x1="6.8453"/><wire layer="21" width="0.1524" y2="-6.8453" x2="-6.4516" y1="-6.8453" x1="6.4516"/><wire layer="21" width="0.1524" y2="-6.8453" x2="-6.8453" y1="-6.8453" x1="-6.4516"/><wire layer="21" width="0.1524" y2="-2.5806" x2="-6.8453" y1="-6.8453" x1="-6.8453"/><wire layer="21" width="0.1524" y2="6.8453" x2="-6.4516" y1="6.8453" x1="-6.8453"/><wire layer="25" width="0" y2="6.8453" x2="6.4516" y1="6.8453" x1="-6.4516"/><wire layer="25" width="0" y2="6.8453" x2="6.8453" y1="6.8453" x1="6.4516"/><wire layer="25" width="0" y2="-6.8453" x2="6.8453" y1="6.8453" x1="6.8453"/><wire layer="25" width="0" y2="-6.8453" x2="6.4516" y1="-6.8453" x1="6.8453"/><wire layer="25" width="0" y2="-6.8453" x2="-6.4516" y1="-6.8453" x1="6.4516"/><wire layer="25" width="0" y2="-6.8453" x2="-6.8453" y1="-6.8453" x1="-6.4516"/><wire layer="25" width="0" y2="6.8453" x2="-6.8453" y1="-6.8453" x1="-6.8453"/><wire layer="25" width="0" y2="6.8453" x2="-6.4516" y1="6.8453" x1="-6.8453"/></package><package name="TRANS_NexFET_Q5A"><smd layer="1" dx="0.8" dy="0.7" y="2.055" x="-2.7525" name="1"/><smd layer="1" dx="0.8" dy="0.7" y="0.685" x="-2.7525" name="2"/><smd layer="1" dx="0.8" dy="0.7" y="-0.685" x="-2.7525" name="3"/><smd layer="1" dx="0.8" dy="0.7" y="-2.055" x="-2.7525" name="4"/><smd layer="1" dx="0.8" dy="0.7" y="-2.055" x="2.7525" name="5"/><smd layer="1" dx="0.8" dy="0.7" y="-0.685" x="2.7525" name="6"/><smd layer="1" dx="0.8" dy="0.7" y="0.685" x="2.7525" name="7"/><smd layer="1" dx="0.8" dy="0.7" y="2.055" x="2.7525" name="8"/><smd layer="1" dx="4.3" dy="4.56" y="0" x="0.3" name="9"/><polygon width="0.4604" layer="31"><vertex x="-1.85" y="2.18"/><vertex x="-1.85" y="0.86"/><vertex x="-0.6167" y="0.86"/><vertex x="-0.6167" y="2.18"/></polygon><polygon width="0.4604" layer="31"><vertex x="-1.85" y="0.66"/><vertex x="-1.85" y="-0.66"/><vertex x="-0.6167" y="-0.66"/><vertex x="-0.6167" y="0.66"/></polygon><polygon width="0.4604" layer="31"><vertex x="-1.85" y="-0.86"/><vertex x="-1.85" y="-2.18"/><vertex x="-0.6167" y="-2.18"/><vertex x="-0.6167" y="-0.86"/></polygon><polygon width="0.4604" layer="31"><vertex x="-0.4167" y="2.18"/><vertex x="-0.4167" y="0.86"/><vertex x="0.8167" y="0.86"/><vertex x="0.8167" y="2.18"/></polygon><polygon width="0.4604" layer="31"><vertex x="-0.4167" y="0.66"/><vertex x="-0.4167" y="-0.66"/><vertex x="0.8167" y="-0.66"/><vertex x="0.8167" y="0.66"/></polygon><polygon width="0.4604" layer="31"><vertex x="-0.4167" y="-0.86"/><vertex x="-0.4167" y="-2.18"/><vertex x="0.8167" y="-2.18"/><vertex x="0.8167" y="-0.86"/></polygon><polygon width="0.4604" layer="31"><vertex x="1.0167" y="2.18"/><vertex x="1.0167" y="0.86"/><vertex x="2.25" y="0.86"/><vertex x="2.25" y="2.18"/></polygon><polygon width="0.4604" layer="31"><vertex x="1.0167" y="0.66"/><vertex x="1.0167" y="-0.66"/><vertex x="2.25" y="-0.66"/><vertex x="2.25" y="0.66"/></polygon><polygon width="0.4604" layer="31"><vertex x="1.0167" y="-0.86"/><vertex x="1.0167" y="-2.18"/><vertex x="2.25" y="-2.18"/><vertex x="2.25" y="-0.86"/></polygon><polygon width="0.4604" layer="31"><vertex x="-3.1525" y="2.405"/><vertex x="-3.1525" y="1.705"/><vertex x="-2.3525" y="1.705"/><vertex x="-2.3525" y="2.405"/></polygon><polygon width="0.4604" layer="31"><vertex x="-3.1525" y="1.035"/><vertex x="-3.1525" y="0.335"/><vertex x="-2.3525" y="0.335"/><vertex x="-2.3525" y="1.035"/></polygon><polygon width="0.4604" layer="31"><vertex x="-3.1525" y="-0.335"/><vertex x="-3.1525" y="-1.035"/><vertex x="-2.3525" y="-1.035"/><vertex x="-2.3525" y="-0.335"/></polygon><polygon width="0.4604" layer="31"><vertex x="-3.1525" y="-1.705"/><vertex x="-3.1525" y="-2.405"/><vertex x="-2.3525" y="-2.405"/><vertex x="-2.3525" y="-1.705"/></polygon><polygon width="0.4604" layer="31"><vertex x="2.3525" y="-1.705"/><vertex x="2.3525" y="-2.405"/><vertex x="3.1525" y="-2.405"/><vertex x="3.1525" y="-1.705"/></polygon><polygon width="0.4604" layer="31"><vertex x="2.3525" y="-0.335"/><vertex x="2.3525" y="-1.035"/><vertex x="3.1525" y="-1.035"/><vertex x="3.1525" y="-0.335"/></polygon><polygon width="0.4604" layer="31"><vertex x="2.3525" y="1.035"/><vertex x="2.3525" y="0.335"/><vertex x="3.1525" y="0.335"/><vertex x="3.1525" y="1.035"/></polygon><polygon width="0.4604" layer="31"><vertex x="2.3525" y="2.405"/><vertex x="2.3525" y="1.705"/><vertex x="3.1525" y="1.705"/><vertex x="3.1525" y="2.405"/></polygon><polygon width="0.4604" layer="29"><vertex x="-3.1525" y="2.405"/><vertex x="-3.1525" y="1.705"/><vertex x="-2.3525" y="1.705"/><vertex x="-2.3525" y="2.405"/></polygon><polygon width="0.4604" layer="29"><vertex x="-3.1525" y="1.035"/><vertex x="-3.1525" y="0.335"/><vertex x="-2.3525" y="0.335"/><vertex x="-2.3525" y="1.035"/></polygon><polygon width="0.4604" layer="29"><vertex x="-3.1525" y="-0.335"/><vertex x="-3.1525" y="-1.035"/><vertex x="-2.3525" y="-1.035"/><vertex x="-2.3525" y="-0.335"/></polygon><polygon width="0.4604" layer="29"><vertex x="-3.1525" y="-1.705"/><vertex x="-3.1525" y="-2.405"/><vertex x="-2.3525" y="-2.405"/><vertex x="-2.3525" y="-1.705"/></polygon><polygon width="0.4604" layer="29"><vertex x="2.3525" y="-1.705"/><vertex x="2.3525" y="-2.405"/><vertex x="3.1525" y="-2.405"/><vertex x="3.1525" y="-1.705"/></polygon><polygon width="0.4604" layer="29"><vertex x="2.3525" y="-0.335"/><vertex x="2.3525" y="-1.035"/><vertex x="3.1525" y="-1.035"/><vertex x="3.1525" y="-0.335"/></polygon><polygon width="0.4604" layer="29"><vertex x="2.3525" y="1.035"/><vertex x="2.3525" y="0.335"/><vertex x="3.1525" y="0.335"/><vertex x="3.1525" y="1.035"/></polygon><polygon width="0.4604" layer="29"><vertex x="2.3525" y="2.405"/><vertex x="2.3525" y="1.705"/><vertex x="3.1525" y="1.705"/><vertex x="3.1525" y="2.405"/></polygon><polygon width="0.4604" layer="29"><vertex x="2.35" y="2.28"/><vertex x="-1.95" y="2.28"/><vertex x="-1.95" y="-2.28"/><vertex x="2.35" y="-2.28"/></polygon><circle layer="21" width="0.1016" radius="0.0762" y="2.055" x="-4.1414"/><circle layer="25" width="0.1016" radius="0.0762" y="2.055" x="-4.1414"/><wire layer="25" width="0" y2="-2.5" x2="2.9" y1="-2.5" x1="-2.9"/><wire layer="25" width="0" y2="2.5" x2="2.9" y1="-2.5" x1="2.9"/><wire layer="25" width="0" y2="2.5" x2="-2.9" y1="2.5" x1="2.9"/><wire layer="25" width="0" y2="-2.5" x2="-2.9" y1="2.5" x1="-2.9"/><wire curve="180" layer="25" width="0" y2="2.5" x2="0.3048" y1="2.5" x1="-0.3048"/></package><package name="MXA14A"><smd layer="1" dx="1.4224" dy="0.3556" y="1.95" x="-2.8448" name="1"/><wire layer="25" width="0" y2="2.1024" x2="-2.2479" y1="1.7976" x1="-2.2479"/><wire layer="25" width="0" y2="2.1024" x2="-3.2004" y1="2.1024" x1="-2.2479"/><wire layer="25" width="0" y2="1.7976" x2="-3.2004" y1="2.1024" x1="-3.2004"/><wire layer="25" width="0" y2="1.7976" x2="-2.2479" y1="1.7976" x1="-3.2004"/><smd layer="1" dx="1.4224" dy="0.3556" y="1.3" x="-2.8448" name="2"/><smd layer="1" dx="1.4224" dy="0.3556" y="0.65" x="-2.8448" name="3"/><smd layer="1" dx="1.4224" dy="0.3556" y="0" x="-2.8448" name="4"/><smd layer="1" dx="1.4224" dy="0.3556" y="-0.65" x="-2.8448" name="5"/><smd layer="1" dx="1.4224" dy="0.3556" y="-1.3" x="-2.8448" name="6"/><smd layer="1" dx="1.4224" dy="0.3556" y="-1.95" x="-2.8448" name="7"/><wire layer="25" width="0" y2="1.4524" x2="-2.2479" y1="1.1476" x1="-2.2479"/><wire layer="25" width="0" y2="1.4524" x2="-3.2004" y1="1.4524" x1="-2.2479"/><wire layer="25" width="0" y2="1.1476" x2="-3.2004" y1="1.4524" x1="-3.2004"/><wire layer="25" width="0" y2="1.1476" x2="-2.2479" y1="1.1476" x1="-3.2004"/><wire layer="25" width="0" y2="0.8024" x2="-2.2479" y1="0.4976" x1="-2.2479"/><wire layer="25" width="0" y2="0.8024" x2="-3.2004" y1="0.8024" x1="-2.2479"/><wire layer="25" width="0" y2="0.4976" x2="-3.2004" y1="0.8024" x1="-3.2004"/><wire layer="25" width="0" y2="0.4976" x2="-2.2479" y1="0.4976" x1="-3.2004"/><wire layer="25" width="0" y2="0.1524" x2="-2.2479" y1="-0.1524" x1="-2.2479"/><wire layer="25" width="0" y2="0.1524" x2="-3.2004" y1="0.1524" x1="-2.2479"/><wire layer="25" width="0" y2="-0.1524" x2="-3.2004" y1="0.1524" x1="-3.2004"/><wire layer="25" width="0" y2="-0.1524" x2="-2.2479" y1="-0.1524" x1="-3.2004"/><wire layer="25" width="0" y2="-0.4976" x2="-2.2479" y1="-0.8024" x1="-2.2479"/><wire layer="25" width="0" y2="-0.4976" x2="-3.2004" y1="-0.4976" x1="-2.2479"/><wire layer="25" width="0" y2="-0.8024" x2="-3.2004" y1="-0.4976" x1="-3.2004"/><wire layer="25" width="0" y2="-0.8024" x2="-2.2479" y1="-0.8024" x1="-3.2004"/><wire layer="25" width="0" y2="-1.1476" x2="-2.2479" y1="-1.4524" x1="-2.2479"/><wire layer="25" width="0" y2="-1.1476" x2="-3.2004" y1="-1.1476" x1="-2.2479"/><wire layer="25" width="0" y2="-1.4524" x2="-3.2004" y1="-1.1476" x1="-3.2004"/><wire layer="25" width="0" y2="-1.4524" x2="-2.2479" y1="-1.4524" x1="-3.2004"/><wire layer="25" width="0" y2="-1.7976" x2="-2.2479" y1="-2.1024" x1="-2.2479"/><wire layer="25" width="0" y2="-1.7976" x2="-3.2004" y1="-1.7976" x1="-2.2479"/><wire layer="25" width="0" y2="-2.1024" x2="-3.2004" y1="-1.7976" x1="-3.2004"/><wire layer="25" width="0" y2="-2.1024" x2="-2.2479" y1="-2.1024" x1="-3.2004"/><smd layer="1" dx="1.4224" dy="0.3556" y="-1.95" x="2.8448" name="8"/><smd layer="1" dx="1.4224" dy="0.3556" y="-1.3" x="2.8448" name="9"/><smd layer="1" dx="1.4224" dy="0.3556" y="-0.65" x="2.8448" name="10"/><smd layer="1" dx="1.4224" dy="0.3556" y="0" x="2.8448" name="11"/><smd layer="1" dx="1.4224" dy="0.3556" y="0.65" x="2.8448" name="12"/><smd layer="1" dx="1.4224" dy="0.3556" y="1.3" x="2.8448" name="13"/><smd layer="1" dx="1.4224" dy="0.3556" y="1.95" x="2.8448" name="14"/><wire layer="25" width="0" y2="-2.1024" x2="2.2479" y1="-1.7976" x1="2.2479"/><wire layer="25" width="0" y2="-2.1024" x2="3.2004" y1="-2.1024" x1="2.2479"/><wire layer="25" width="0" y2="-1.7976" x2="3.2004" y1="-2.1024" x1="3.2004"/><wire layer="25" width="0" y2="-1.7976" x2="2.2479" y1="-1.7976" x1="3.2004"/><wire layer="25" width="0" y2="-1.4524" x2="2.2479" y1="-1.1476" x1="2.2479"/><wire layer="25" width="0" y2="-1.4524" x2="3.2004" y1="-1.4524" x1="2.2479"/><wire layer="25" width="0" y2="-1.1476" x2="3.2004" y1="-1.4524" x1="3.2004"/><wire layer="25" width="0" y2="-1.1476" x2="2.2479" y1="-1.1476" x1="3.2004"/><wire layer="25" width="0" y2="-0.8024" x2="2.2479" y1="-0.4976" x1="2.2479"/><wire layer="25" width="0" y2="-0.8024" x2="3.2004" y1="-0.8024" x1="2.2479"/><wire layer="25" width="0" y2="-0.4976" x2="3.2004" y1="-0.8024" x1="3.2004"/><wire layer="25" width="0" y2="-0.4976" x2="2.2479" y1="-0.4976" x1="3.2004"/><wire layer="25" width="0" y2="-0.1524" x2="2.2479" y1="0.1524" x1="2.2479"/><wire layer="25" width="0" y2="-0.1524" x2="3.2004" y1="-0.1524" x1="2.2479"/><wire layer="25" width="0" y2="0.1524" x2="3.2004" y1="-0.1524" x1="3.2004"/><wire layer="25" width="0" y2="0.1524" x2="2.2479" y1="0.1524" x1="3.2004"/><wire layer="25" width="0" y2="0.4976" x2="2.2479" y1="0.8024" x1="2.2479"/><wire layer="25" width="0" y2="0.4976" x2="3.2004" y1="0.4976" x1="2.2479"/><wire layer="25" width="0" y2="0.8024" x2="3.2004" y1="0.4976" x1="3.2004"/><wire layer="25" width="0" y2="0.8024" x2="2.2479" y1="0.8024" x1="3.2004"/><wire layer="25" width="0" y2="1.1476" x2="2.2479" y1="1.4524" x1="2.2479"/><wire layer="25" width="0" y2="1.1476" x2="3.2004" y1="1.1476" x1="2.2479"/><wire layer="25" width="0" y2="1.4524" x2="3.2004" y1="1.1476" x1="3.2004"/><wire layer="25" width="0" y2="1.4524" x2="2.2479" y1="1.4524" x1="3.2004"/><wire layer="25" width="0" y2="1.7976" x2="2.2479" y1="2.1024" x1="2.2479"/><wire layer="25" width="0" y2="1.7976" x2="3.2004" y1="1.7976" x1="2.2479"/><wire layer="25" width="0" y2="2.1024" x2="3.2004" y1="1.7976" x1="3.2004"/><wire layer="25" width="0" y2="2.1024" x2="2.2479" y1="2.1024" x1="3.2004"/><smd layer="1" dx="2.9972" dy="3.0988" y="0" x="0" name="15"/><circle layer="21" width="0.1016" radius="0.0762" y="1.95" x="-3.9826"/><circle layer="25" width="0.1016" radius="0.0762" y="1.95" x="-3.9826"/><wire layer="21" width="0.1524" y2="-2.5527" x2="2.2479" y1="-2.5527" x1="-2.2479"/><wire layer="21" width="0.1524" y2="2.5527" x2="-2.2479" y1="2.5527" x1="2.2479"/><wire curve="180" layer="21" width="0.1524" y2="2.5527" x2="0.3048" y1="2.5527" x1="-0.3048"/><wire layer="25" width="0" y2="-2.5527" x2="2.2479" y1="-2.5527" x1="-2.2479"/><wire layer="25" width="0" y2="2.5527" x2="2.2479" y1="-2.5527" x1="2.2479"/><wire layer="25" width="0" y2="2.5527" x2="-2.2479" y1="2.5527" x1="2.2479"/><wire layer="25" width="0" y2="-2.5527" x2="-2.2479" y1="2.5527" x1="-2.2479"/><wire curve="180" layer="25" width="0" y2="2.5527" x2="0.3048" y1="2.5527" x1="-0.3048"/></package><package name="08053C104KAT2A"><smd layer="1" dx="1.1176" dy="1.4478" y="0" x="-0.9017" name="1"/><smd layer="1" dx="1.1176" dy="1.4478" y="0" x="0.9017" name="2"/><wire layer="25" width="0" y2="0.7239" x2="-0.3429" y1="-0.7239" x1="-0.3429"/><wire layer="25" width="0" y2="0.7239" x2="-1.1049" y1="0.7239" x1="-0.3429"/><wire layer="25" width="0" y2="-0.7239" x2="-1.1049" y1="0.7239" x1="-1.1049"/><wire layer="25" width="0" y2="-0.7239" x2="-0.3429" y1="-0.7239" x1="-1.1049"/><wire layer="25" width="0" y2="-0.7239" x2="0.3429" y1="0.7239" x1="0.3429"/><wire layer="25" width="0" y2="-0.7239" x2="1.1049" y1="-0.7239" x1="0.3429"/><wire layer="25" width="0" y2="0.7239" x2="1.1049" y1="-0.7239" x1="1.1049"/><wire layer="25" width="0" y2="0.7239" x2="0.3429" y1="0.7239" x1="1.1049"/><wire layer="25" width="0" y2="-0.7239" x2="1.1049" y1="-0.7239" x1="-1.1049"/><wire layer="25" width="0" y2="0.7239" x2="1.1049" y1="-0.7239" x1="1.1049"/><wire layer="25" width="0" y2="0.7239" x2="-1.1049" y1="0.7239" x1="1.1049"/><wire layer="25" width="0" y2="-0.7239" x2="-1.1049" y1="0.7239" x1="-1.1049"/></package><package name="C0805C471K5RACTU"><smd layer="1" dx="1.1176" dy="1.4478" y="0" x="-0.9017" name="1"/><smd layer="1" dx="1.1176" dy="1.4478" y="0" x="0.9017" name="2"/><wire layer="25" width="0" y2="0.7239" x2="-0.3429" y1="-0.7239" x1="-0.3429"/><wire layer="25" width="0" y2="0.7239" x2="-1.1049" y1="0.7239" x1="-0.3429"/><wire layer="25" width="0" y2="-0.7239" x2="-1.1049" y1="0.7239" x1="-1.1049"/><wire layer="25" width="0" y2="-0.7239" x2="-0.3429" y1="-0.7239" x1="-1.1049"/><wire layer="25" width="0" y2="-0.7239" x2="0.3429" y1="0.7239" x1="0.3429"/><wire layer="25" width="0" y2="-0.7239" x2="1.1049" y1="-0.7239" x1="0.3429"/><wire layer="25" width="0" y2="0.7239" x2="1.1049" y1="-0.7239" x1="1.1049"/><wire layer="25" width="0" y2="0.7239" x2="0.3429" y1="0.7239" x1="1.1049"/><wire layer="25" width="0" y2="-0.7239" x2="1.1049" y1="-0.7239" x1="-1.1049"/><wire layer="25" width="0" y2="0.7239" x2="1.1049" y1="-0.7239" x1="1.1049"/><wire layer="25" width="0" y2="0.7239" x2="-1.1049" y1="0.7239" x1="1.1049"/><wire layer="25" width="0" y2="-0.7239" x2="-1.1049" y1="0.7239" x1="-1.1049"/></package><package name="ERJ-6ENF7322V"><smd layer="1" dx="1.1176" dy="1.4478" y="0" x="-0.9017" name="1"/><smd layer="1" dx="1.1176" dy="1.4478" y="0" x="0.9017" name="2"/><wire layer="25" width="0" y2="0.7239" x2="-0.3429" y1="-0.7239" x1="-0.3429"/><wire layer="25" width="0" y2="0.7239" x2="-1.1049" y1="0.7239" x1="-0.3429"/><wire layer="25" width="0" y2="-0.7239" x2="-1.1049" y1="0.7239" x1="-1.1049"/><wire layer="25" width="0" y2="-0.7239" x2="-0.3429" y1="-0.7239" x1="-1.1049"/><wire layer="25" width="0" y2="-0.7239" x2="0.3429" y1="0.7239" x1="0.3429"/><wire layer="25" width="0" y2="-0.7239" x2="1.1049" y1="-0.7239" x1="0.3429"/><wire layer="25" width="0" y2="0.7239" x2="1.1049" y1="-0.7239" x1="1.1049"/><wire layer="25" width="0" y2="0.7239" x2="0.3429" y1="0.7239" x1="1.1049"/><wire layer="25" width="0" y2="-0.7239" x2="1.1049" y1="-0.7239" x1="-1.1049"/><wire layer="25" width="0" y2="0.7239" x2="1.1049" y1="-0.7239" x1="1.1049"/><wire layer="25" width="0" y2="0.7239" x2="-1.1049" y1="0.7239" x1="1.1049"/><wire layer="25" width="0" y2="-0.7239" x2="-1.1049" y1="0.7239" x1="-1.1049"/></package><package name="CC0805KRX7R9BB153"><smd layer="1" dx="1.1176" dy="1.4478" y="0" x="-0.9017" name="1"/><smd layer="1" dx="1.1176" dy="1.4478" y="0" x="0.9017" name="2"/><wire layer="25" width="0" y2="0.7239" x2="-0.3429" y1="-0.7239" x1="-0.3429"/><wire layer="25" width="0" y2="0.7239" x2="-1.1049" y1="0.7239" x1="-0.3429"/><wire layer="25" width="0" y2="-0.7239" x2="-1.1049" y1="0.7239" x1="-1.1049"/><wire layer="25" width="0" y2="-0.7239" x2="-0.3429" y1="-0.7239" x1="-1.1049"/><wire layer="25" width="0" y2="-0.7239" x2="0.3429" y1="0.7239" x1="0.3429"/><wire layer="25" width="0" y2="-0.7239" x2="1.1049" y1="-0.7239" x1="0.3429"/><wire layer="25" width="0" y2="0.7239" x2="1.1049" y1="-0.7239" x1="1.1049"/><wire layer="25" width="0" y2="0.7239" x2="0.3429" y1="0.7239" x1="1.1049"/><wire layer="25" width="0" y2="-0.7239" x2="1.1049" y1="-0.7239" x1="-1.1049"/><wire layer="25" width="0" y2="0.7239" x2="1.1049" y1="-0.7239" x1="1.1049"/><wire layer="25" width="0" y2="0.7239" x2="-1.1049" y1="0.7239" x1="1.1049"/><wire layer="25" width="0" y2="-0.7239" x2="-1.1049" y1="0.7239" x1="-1.1049"/></package><package name="EMK212B7105KG-T"><smd layer="1" dx="1.1176" dy="1.4478" y="0" x="-0.9017" name="1"/><smd layer="1" dx="1.1176" dy="1.4478" y="0" x="0.9017" name="2"/><wire layer="25" width="0" y2="0.7239" x2="-0.3429" y1="-0.7239" x1="-0.3429"/><wire layer="25" width="0" y2="0.7239" x2="-1.1049" y1="0.7239" x1="-0.3429"/><wire layer="25" width="0" y2="-0.7239" x2="-1.1049" y1="0.7239" x1="-1.1049"/><wire layer="25" width="0" y2="-0.7239" x2="-0.3429" y1="-0.7239" x1="-1.1049"/><wire layer="25" width="0" y2="-0.7239" x2="0.3429" y1="0.7239" x1="0.3429"/><wire layer="25" width="0" y2="-0.7239" x2="1.1049" y1="-0.7239" x1="0.3429"/><wire layer="25" width="0" y2="0.7239" x2="1.1049" y1="-0.7239" x1="1.1049"/><wire layer="25" width="0" y2="0.7239" x2="0.3429" y1="0.7239" x1="1.1049"/><wire layer="25" width="0" y2="-0.7239" x2="1.1049" y1="-0.7239" x1="-1.1049"/><wire layer="25" width="0" y2="0.7239" x2="1.1049" y1="-0.7239" x1="1.1049"/><wire layer="25" width="0" y2="0.7239" x2="-1.1049" y1="0.7239" x1="1.1049"/><wire layer="25" width="0" y2="-0.7239" x2="-1.1049" y1="0.7239" x1="-1.1049"/></package><package name="ERJ-6ENF1002V"><smd layer="1" dx="1.1176" dy="1.4478" y="0" x="-0.9017" name="1"/><smd layer="1" dx="1.1176" dy="1.4478" y="0" x="0.9017" name="2"/><wire layer="25" width="0" y2="0.7239" x2="-0.3429" y1="-0.7239" x1="-0.3429"/><wire layer="25" width="0" y2="0.7239" x2="-1.1049" y1="0.7239" x1="-0.3429"/><wire layer="25" width="0" y2="-0.7239" x2="-1.1049" y1="0.7239" x1="-1.1049"/><wire layer="25" width="0" y2="-0.7239" x2="-0.3429" y1="-0.7239" x1="-1.1049"/><wire layer="25" width="0" y2="-0.7239" x2="0.3429" y1="0.7239" x1="0.3429"/><wire layer="25" width="0" y2="-0.7239" x2="1.1049" y1="-0.7239" x1="0.3429"/><wire layer="25" width="0" y2="0.7239" x2="1.1049" y1="-0.7239" x1="1.1049"/><wire layer="25" width="0" y2="0.7239" x2="0.3429" y1="0.7239" x1="1.1049"/><wire layer="25" width="0" y2="-0.7239" x2="1.1049" y1="-0.7239" x1="-1.1049"/><wire layer="25" width="0" y2="0.7239" x2="1.1049" y1="-0.7239" x1="1.1049"/><wire layer="25" width="0" y2="0.7239" x2="-1.1049" y1="0.7239" x1="1.1049"/><wire layer="25" width="0" y2="-0.7239" x2="-1.1049" y1="0.7239" x1="-1.1049"/></package><package name="ERJ-6ENF1003V"><smd layer="1" dx="1.1176" dy="1.4478" y="0" x="-0.9017" name="1"/><smd layer="1" dx="1.1176" dy="1.4478" y="0" x="0.9017" name="2"/><wire layer="25" width="0" y2="0.7239" x2="-0.3429" y1="-0.7239" x1="-0.3429"/><wire layer="25" width="0" y2="0.7239" x2="-1.1049" y1="0.7239" x1="-0.3429"/><wire layer="25" width="0" y2="-0.7239" x2="-1.1049" y1="0.7239" x1="-1.1049"/><wire layer="25" width="0" y2="-0.7239" x2="-0.3429" y1="-0.7239" x1="-1.1049"/><wire layer="25" width="0" y2="-0.7239" x2="0.3429" y1="0.7239" x1="0.3429"/><wire layer="25" width="0" y2="-0.7239" x2="1.1049" y1="-0.7239" x1="0.3429"/><wire layer="25" width="0" y2="0.7239" x2="1.1049" y1="-0.7239" x1="1.1049"/><wire layer="25" width="0" y2="0.7239" x2="0.3429" y1="0.7239" x1="1.1049"/><wire layer="25" width="0" y2="-0.7239" x2="1.1049" y1="-0.7239" x1="-1.1049"/><wire layer="25" width="0" y2="0.7239" x2="1.1049" y1="-0.7239" x1="1.1049"/><wire layer="25" width="0" y2="0.7239" x2="-1.1049" y1="0.7239" x1="1.1049"/><wire layer="25" width="0" y2="-0.7239" x2="-1.1049" y1="0.7239" x1="-1.1049"/></package><package name="C0805C223K5RACTU"><smd layer="1" dx="1.1176" dy="1.4478" y="0" x="-0.9017" name="1"/><smd layer="1" dx="1.1176" dy="1.4478" y="0" x="0.9017" name="2"/><wire layer="25" width="0" y2="0.7239" x2="-0.3429" y1="-0.7239" x1="-0.3429"/><wire layer="25" width="0" y2="0.7239" x2="-1.1049" y1="0.7239" x1="-0.3429"/><wire layer="25" width="0" y2="-0.7239" x2="-1.1049" y1="0.7239" x1="-1.1049"/><wire layer="25" width="0" y2="-0.7239" x2="-0.3429" y1="-0.7239" x1="-1.1049"/><wire layer="25" width="0" y2="-0.7239" x2="0.3429" y1="0.7239" x1="0.3429"/><wire layer="25" width="0" y2="-0.7239" x2="1.1049" y1="-0.7239" x1="0.3429"/><wire layer="25" width="0" y2="0.7239" x2="1.1049" y1="-0.7239" x1="1.1049"/><wire layer="25" width="0" y2="0.7239" x2="0.3429" y1="0.7239" x1="1.1049"/><wire layer="25" width="0" y2="-0.7239" x2="1.1049" y1="-0.7239" x1="-1.1049"/><wire layer="25" width="0" y2="0.7239" x2="1.1049" y1="-0.7239" x1="1.1049"/><wire layer="25" width="0" y2="0.7239" x2="-1.1049" y1="0.7239" x1="1.1049"/><wire layer="25" width="0" y2="-0.7239" x2="-1.1049" y1="0.7239" x1="-1.1049"/></package><package name="CSD17577Q5A"><smd layer="1" dx="0.8" dy="0.7" y="2.055" x="-2.7525" name="1"/><smd layer="1" dx="0.8" dy="0.7" y="0.685" x="-2.7525" name="2"/><smd layer="1" dx="0.8" dy="0.7" y="-0.685" x="-2.7525" name="3"/><smd layer="1" dx="0.8" dy="0.7" y="-2.055" x="-2.7525" name="4"/><smd layer="1" dx="0.8" dy="0.7" y="-2.055" x="2.7525" name="5"/><smd layer="1" dx="0.8" dy="0.7" y="-0.685" x="2.7525" name="6"/><smd layer="1" dx="0.8" dy="0.7" y="0.685" x="2.7525" name="7"/><smd layer="1" dx="0.8" dy="0.7" y="2.055" x="2.7525" name="8"/><smd layer="1" dx="4.3" dy="4.56" y="0" x="0.3" name="9"/><polygon width="0.4604" layer="31"><vertex x="-1.85" y="2.18"/><vertex x="-1.85" y="0.86"/><vertex x="-0.6167" y="0.86"/><vertex x="-0.6167" y="2.18"/></polygon><polygon width="0.4604" layer="31"><vertex x="-1.85" y="0.66"/><vertex x="-1.85" y="-0.66"/><vertex x="-0.6167" y="-0.66"/><vertex x="-0.6167" y="0.66"/></polygon><polygon width="0.4604" layer="31"><vertex x="-1.85" y="-0.86"/><vertex x="-1.85" y="-2.18"/><vertex x="-0.6167" y="-2.18"/><vertex x="-0.6167" y="-0.86"/></polygon><polygon width="0.4604" layer="31"><vertex x="-0.4167" y="2.18"/><vertex x="-0.4167" y="0.86"/><vertex x="0.8167" y="0.86"/><vertex x="0.8167" y="2.18"/></polygon><polygon width="0.4604" layer="31"><vertex x="-0.4167" y="0.66"/><vertex x="-0.4167" y="-0.66"/><vertex x="0.8167" y="-0.66"/><vertex x="0.8167" y="0.66"/></polygon><polygon width="0.4604" layer="31"><vertex x="-0.4167" y="-0.86"/><vertex x="-0.4167" y="-2.18"/><vertex x="0.8167" y="-2.18"/><vertex x="0.8167" y="-0.86"/></polygon><polygon width="0.4604" layer="31"><vertex x="1.0167" y="2.18"/><vertex x="1.0167" y="0.86"/><vertex x="2.25" y="0.86"/><vertex x="2.25" y="2.18"/></polygon><polygon width="0.4604" layer="31"><vertex x="1.0167" y="0.66"/><vertex x="1.0167" y="-0.66"/><vertex x="2.25" y="-0.66"/><vertex x="2.25" y="0.66"/></polygon><polygon width="0.4604" layer="31"><vertex x="1.0167" y="-0.86"/><vertex x="1.0167" y="-2.18"/><vertex x="2.25" y="-2.18"/><vertex x="2.25" y="-0.86"/></polygon><polygon width="0.4604" layer="31"><vertex x="-3.1525" y="2.405"/><vertex x="-3.1525" y="1.705"/><vertex x="-2.3525" y="1.705"/><vertex x="-2.3525" y="2.405"/></polygon><polygon width="0.4604" layer="31"><vertex x="-3.1525" y="1.035"/><vertex x="-3.1525" y="0.335"/><vertex x="-2.3525" y="0.335"/><vertex x="-2.3525" y="1.035"/></polygon><polygon width="0.4604" layer="31"><vertex x="-3.1525" y="-0.335"/><vertex x="-3.1525" y="-1.035"/><vertex x="-2.3525" y="-1.035"/><vertex x="-2.3525" y="-0.335"/></polygon><polygon width="0.4604" layer="31"><vertex x="-3.1525" y="-1.705"/><vertex x="-3.1525" y="-2.405"/><vertex x="-2.3525" y="-2.405"/><vertex x="-2.3525" y="-1.705"/></polygon><polygon width="0.4604" layer="31"><vertex x="2.3525" y="-1.705"/><vertex x="2.3525" y="-2.405"/><vertex x="3.1525" y="-2.405"/><vertex x="3.1525" y="-1.705"/></polygon><polygon width="0.4604" layer="31"><vertex x="2.3525" y="-0.335"/><vertex x="2.3525" y="-1.035"/><vertex x="3.1525" y="-1.035"/><vertex x="3.1525" y="-0.335"/></polygon><polygon width="0.4604" layer="31"><vertex x="2.3525" y="1.035"/><vertex x="2.3525" y="0.335"/><vertex x="3.1525" y="0.335"/><vertex x="3.1525" y="1.035"/></polygon><polygon width="0.4604" layer="31"><vertex x="2.3525" y="2.405"/><vertex x="2.3525" y="1.705"/><vertex x="3.1525" y="1.705"/><vertex x="3.1525" y="2.405"/></polygon><polygon width="0.4604" layer="29"><vertex x="-3.1525" y="2.405"/><vertex x="-3.1525" y="1.705"/><vertex x="-2.3525" y="1.705"/><vertex x="-2.3525" y="2.405"/></polygon><polygon width="0.4604" layer="29"><vertex x="-3.1525" y="1.035"/><vertex x="-3.1525" y="0.335"/><vertex x="-2.3525" y="0.335"/><vertex x="-2.3525" y="1.035"/></polygon><polygon width="0.4604" layer="29"><vertex x="-3.1525" y="-0.335"/><vertex x="-3.1525" y="-1.035"/><vertex x="-2.3525" y="-1.035"/><vertex x="-2.3525" y="-0.335"/></polygon><polygon width="0.4604" layer="29"><vertex x="-3.1525" y="-1.705"/><vertex x="-3.1525" y="-2.405"/><vertex x="-2.3525" y="-2.405"/><vertex x="-2.3525" y="-1.705"/></polygon><polygon width="0.4604" layer="29"><vertex x="2.3525" y="-1.705"/><vertex x="2.3525" y="-2.405"/><vertex x="3.1525" y="-2.405"/><vertex x="3.1525" y="-1.705"/></polygon><polygon width="0.4604" layer="29"><vertex x="2.3525" y="-0.335"/><vertex x="2.3525" y="-1.035"/><vertex x="3.1525" y="-1.035"/><vertex x="3.1525" y="-0.335"/></polygon><polygon width="0.4604" layer="29"><vertex x="2.3525" y="1.035"/><vertex x="2.3525" y="0.335"/><vertex x="3.1525" y="0.335"/><vertex x="3.1525" y="1.035"/></polygon><polygon width="0.4604" layer="29"><vertex x="2.3525" y="2.405"/><vertex x="2.3525" y="1.705"/><vertex x="3.1525" y="1.705"/><vertex x="3.1525" y="2.405"/></polygon><polygon width="0.4604" layer="29"><vertex x="2.35" y="2.28"/><vertex x="-1.95" y="2.28"/><vertex x="-1.95" y="-2.28"/><vertex x="2.35" y="-2.28"/></polygon><circle layer="21" width="0.1016" radius="0.0762" y="2.055" x="-4.1414"/><circle layer="25" width="0.1016" radius="0.0762" y="2.055" x="-4.1414"/><wire layer="25" width="0" y2="-2.5" x2="2.9" y1="-2.5" x1="-2.9"/><wire layer="25" width="0" y2="2.5" x2="2.9" y1="-2.5" x1="2.9"/><wire layer="25" width="0" y2="2.5" x2="-2.9" y1="2.5" x1="2.9"/><wire layer="25" width="0" y2="-2.5" x2="-2.9" y1="2.5" x1="-2.9"/><wire curve="180" layer="25" width="0" y2="2.5" x2="0.3048" y1="2.5" x1="-0.3048"/></package></packages></library></libraries><designrules name="custom"><param name="layerSetup" value="((1*2)+(15*16))"/></designrules><elements><element y="47.244" x="77.0636" value="" package="0805" library="ultra-librarian" name="Cac"><attribute align="bottom-left" display="value" layer="51" size="1.778" y="46.609" x="79.7306" value="Cac" name="RefDes"/><attribute align="bottom-left" display="off" layer="51" size="1.778" y="46.609" x="79.7306" value="C0805C223K5RACTU" name="Type"/></element><element y="67.945" x="74.6252" value="" package="0805" library="ultra-librarian" name="Cbst"><attribute align="bottom-left" display="value" rot="R90" layer="51" size="1.778" y="65.913" x="72.136" value="Cbst" name="RefDes"/><attribute align="bottom-left" display="off" rot="R90" layer="51" size="1.778" y="65.913" x="72.136" value="EMK212B7474KD-T" name="Type"/></element><element rot="SR180" y="55.4228" x="69.1642" value="" package="0805" library="ultra-librarian" name="Cbyp"><attribute align="bottom-left" display="value" rot="R90" layer="51" size="1.778" y="49.9618" x="68.1482" value="Cbyp" name="RefDes"/><attribute align="bottom-left" display="off" rot="R90" layer="51" size="1.778" y="49.9618" x="68.1482" value="08053C104KAT2A" name="Type"/></element><element y="49.8856" x="77.1652" value="" package="0805" library="ultra-librarian" name="Cff"><attribute align="bottom-left" display="value" layer="51" size="1.778" y="48.7426" x="79.8576" value="Cff" name="RefDes"/><attribute align="bottom-left" display="off" layer="51" size="1.778" y="48.7426" x="79.8576" value="C0805C471K5RACTU" name="Type"/></element><element rot="SR270" y="78.8924" x="66.3956" value="" package="1210" library="ultra-librarian" name="Cin_1"/><element rot="SR270" y="78.8924" x="62.4586" value="" package="1210" library="ultra-librarian" name="Cin_2"/><element rot="R90" y="45.0596" x="63.9826" value="" package="CAPSMT_62_E61" library="ultra-librarian" name="Cout"><attribute align="bottom-left" display="value" layer="51" size="1.778" y="43.053" x="67.6148" value="Cout" name="RefDes"/><attribute align="bottom-left" display="off" layer="51" size="1.778" y="43.053" x="67.6148" value="6SVPE220MW" name="Type"/></element><element rot="SR270" y="61.595" x="81.1276" value="" package="0805" library="ultra-librarian" name="Cr"><attribute align="bottom-left" display="value" layer="51" size="1.778" y="61.595" x="83.0326" value="Cr" name="RefDes"/><attribute align="bottom-left" display="off" layer="51" size="1.778" y="61.595" x="83.0326" value="C0805C223K5RACTU" name="Type"/></element><element y="57.531" x="79.7052" value="" package="0805" library="ultra-librarian" name="Css"><attribute align="bottom-left" display="value" layer="51" size="1.778" y="56.9722" x="82.3468" value="Css" name="RefDes"/><attribute align="bottom-left" display="off" layer="51" size="1.778" y="56.9722" x="82.3468" value="CC0805KRX7R9BB153" name="Type"/></element><element rot="SR180" y="59.0042" x="69.1134" value="" package="0805" library="ultra-librarian" name="Cvcc"><attribute align="bottom-left" display="value" layer="51" size="1.778" y="60.7822" x="63.2714" value="Cvcc" name="RefDes"/><attribute align="bottom-left" display="off" layer="51" size="1.778" y="60.7822" x="63.2714" value="EMK212B7105KG-T" name="Type"/></element><element rot="R90" y="64.5922" x="69.1134" value="" package="SMA" library="ultra-librarian" name="Dbst"><attribute align="bottom-left" display="value" rot="R90" layer="51" size="1.778" y="62.4586" x="67.3354" value="Dbst" name="RefDes"/><attribute align="bottom-left" display="off" rot="R90" layer="51" size="1.778" y="62.4586" x="67.3354" value="B350A-13-F" name="Type"/></element><element y="49.8856" x="73.1012" value="" package="TP-1502" library="ultra-librarian" name="EN"><attribute align="bottom-left" display="value" layer="51" size="1.778" y="47.117" x="69.8246" value="EN" name="RefDes"/><attribute align="bottom-left" display="off" layer="51" size="1.778" y="47.117" x="69.8246" value="TP-1502" name="Type"/></element><element y="71.9836" x="28.9052" value="" package="TP-1502" library="ultra-librarian" name="GND"><attribute align="bottom-left" display="value" layer="51" size="1.778" y="67.1068" x="27.051" value="GND" name="RefDes"/><attribute align="bottom-left" display="off" layer="51" size="1.778" y="67.1068" x="27.051" value="TP-1502" name="Type"/></element><element rot="R90" y="52.6542" x="28.9052" value="" package="TP-1502" library="ultra-librarian" name="GND1"><attribute align="bottom-left" display="value" layer="51" size="1.778" y="56.3372" x="27.1526" value="GND1" name="RefDes"/><attribute align="bottom-left" display="off" layer="51" size="1.778" y="56.3372" x="27.1526" value="TP-1502" name="Type"/></element><element rot="SR270" y="66.6496" x="94.4372" value="" package="SRP1270" library="ultra-librarian" name="L1"><attribute align="bottom-left" display="value" rot="R90" layer="51" size="1.778" y="73.914" x="86.487" value="L1" name="RefDes"/><attribute align="bottom-left" display="off" rot="R90" layer="51" size="1.778" y="73.914" x="86.487" value="SRP1270-2R2M" name="Type"/></element><element rot="SR180" y="84.4042" x="75.8444" value="" package="TRANS_NexFET_Q5A" library="ultra-librarian" name="M1"><attribute align="bottom-left" display="value" layer="51" size="1.778" y="79.1972" x="82.4484" value="M1" name="RefDes"/><attribute align="bottom-left" display="off" layer="51" size="1.778" y="79.1972" x="82.4484" value="CSD16342Q5A" name="Type"/></element><element y="72.5932" x="75.2856" value="" package="TRANS_NexFET_Q5A" library="ultra-librarian" name="M2"><attribute align="bottom-left" display="value" layer="51" size="1.778" y="78.105" x="67.564" value="M2" name="RefDes"/><attribute align="bottom-left" display="off" layer="51" size="1.778" y="78.105" x="67.564" value="CSD17577Q5A" name="Type"/></element><element y="55.0164" x="77.1652" value="" package="0805" library="ultra-librarian" name="Rfb1"><attribute align="bottom-left" display="value" layer="51" size="1.778" y="54.483" x="79.8576" value="Rfb1" name="RefDes"/><attribute align="bottom-left" display="off" layer="51" size="1.778" y="54.483" x="79.8576" value="ERJ-6ENF1002V" name="Type"/></element><element rot="SR180" y="52.4002" x="77.1144" value="" package="0805" library="ultra-librarian" name="Rfb2"><attribute align="bottom-left" display="value" layer="51" size="1.778" y="51.9684" x="79.8576" value="Rfb2" name="RefDes"/><attribute align="bottom-left" display="off" layer="51" size="1.778" y="51.9684" x="79.8576" value="ERJ-6ENF7322V" name="Type"/></element><element rot="SR270" y="66.6496" x="78.1558" value="" package="0805" library="ultra-librarian" name="Rlim"><attribute align="bottom-left" display="value" rot="R90" layer="51" size="1.778" y="61.087" x="78.7146" value="Rlim" name="RefDes"/><attribute align="bottom-left" display="off" rot="R90" layer="51" size="1.778" y="61.087" x="78.7146" value="C0805C223K5RACTU" name="Type"/></element><element rot="SR270" y="53.8988" x="72.771" value="" package="0805" library="ultra-librarian" name="Ron"><attribute align="bottom-left" display="value" rot="R90" layer="51" size="1.778" y="49.8602" x="71.2724" value="Ron" name="RefDes"/><attribute align="bottom-left" display="off" rot="R90" layer="51" size="1.778" y="49.8602" x="71.2724" value="ERJ-6ENF1003V" name="Type"/></element><element rot="R90" y="66.6496" x="81.2292" value="" package="0805" library="ultra-librarian" name="Rr"><attribute align="bottom-left" display="value" layer="51" size="1.778" y="69.215" x="80.4926" value="Rr" name="RefDes"/><attribute align="bottom-left" display="off" layer="51" size="1.778" y="69.215" x="80.4926" value="C0805C223K5RACTU" name="Type"/></element><element rot="R90" y="61.1124" x="74.295" value="" package="MXA14A" library="ultra-librarian" name="U1"><attribute align="bottom-left" display="value" rot="R90" layer="51" size="1.778" y="59.1312" x="78.2066" value="U1" name="RefDes"/><attribute align="bottom-left" display="off" rot="R90" layer="51" size="1.778" y="59.1312" x="78.2066" value="LM3150MH/NOPB" name="Type"/></element><element y="85.725" x="28.9052" value="" package="TP-1502" library="ultra-librarian" name="VIN"><attribute align="bottom-left" display="value" layer="51" size="1.778" y="88.7984" x="27.051" value="VIN" name="RefDes"/><attribute align="bottom-left" display="off" layer="51" size="1.778" y="88.7984" x="27.051" value="TP-1502" name="Type"/></element><element y="39.0652" x="28.9052" value="" package="TP-1502" library="ultra-librarian" name="VOUT"><attribute align="bottom-left" display="value" layer="51" size="1.778" y="33.6296" x="26.5938" value="VOUT" name="RefDes"/><attribute align="bottom-left" display="off" layer="51" size="1.778" y="33.6296" x="26.5938" value="TP-1502" name="Type"/></element></elements><signals><signal name="4"><wire layer="1" width="1.524" y2="52.451" x2="78.4606" y1="50.9016" x1="78.4606"/><wire layer="1" width="1.016" y2="44.8056" x2="97.2312" y1="42.5196" x1="94.9452"/><wire layer="1" width="1.016" y2="42.5196" x2="94.9452" y1="42.5196" x1="62.4332"/><wire layer="1" width="1.016" y2="56.0578" x2="97.2312" y1="44.8056" x1="97.2312"/><wire layer="1" width="1.016" y2="42.5196" x2="32.3342" y1="39.116" x1="28.9306"/><wire layer="1" width="1.016" y2="42.5196" x2="62.4332" y1="42.5196" x1="32.3342"/><wire layer="1" width="1.016" y2="60.325" x2="83.2866" y1="60.4774" x1="83.1342"/><wire layer="1" width="1.016" y2="60.4774" x2="83.1342" y1="60.4774" x1="81.2546"/><wire layer="1" width="1.27" y2="50.9016" x2="80.518" y1="50.9016" x1="78.4606"/><wire layer="1" width="0.254" y2="49.8602" x2="79.1464" y1="49.8602" x1="77.6732"/><wire layer="1" width="0.254" y2="52.4256" x2="79.1464" y1="52.4256" x1="77.6732"/><wire layer="1" width="0.254" y2="61.2394" x2="81.2292" y1="59.69" x1="81.2292"/><polygon spacing="0.254" layer="1" width="0" rank="4"><vertex y="25.527" x="25.6286"/><vertex y="44.831" x="25.6286"/><vertex y="44.831" x="87.6046"/><vertex y="66.167" x="87.6046"/><vertex y="66.167" x="107.9246"/><vertex y="25.527" x="107.9246"/></polygon><polygon spacing="0.254" layer="1" width="0" rank="4"><vertex y="51.7398" x="80.2132"/><vertex y="50.0634" x="80.2132"/><vertex y="50.0634" x="81.2546"/><vertex y="51.7398" x="81.2546"/></polygon><wire layer="16" width="1.016" y2="39.116" x2="28.9306" y1="28.575" x1="28.9306"/><wire layer="16" width="1.016" y2="30.861" x2="78.2066" y1="28.575" x1="75.9206"/><wire layer="16" width="1.016" y2="48.5902" x2="78.2066" y1="30.861" x1="78.2066"/><wire layer="16" width="1.016" y2="28.575" x2="75.9206" y1="28.575" x1="28.9306"/><wire layer="16" width="1.016" y2="50.9016" x2="80.518" y1="48.5902" x1="78.2066"/><wire layer="16" width="1.016" y2="60.325" x2="83.2866" y1="53.6702" x1="83.2866"/><wire layer="16" width="1.016" y2="53.6702" x2="83.2866" y1="50.9016" x1="80.518"/><via shape="round" drill="0.7112" diameter="1.27" extent="1-16" y="28.575" x="28.9306"/><via shape="round" drill="0.7112" diameter="1.27" extent="1-16" y="60.325" x="83.2866"/><via shape="round" drill="0.7112" diameter="1.27" extent="1-16" y="50.9016" x="80.518"/><via shape="round" drill="2.54" diameter="4.826" extent="1-16" y="39.116" x="28.9306"/><contactref pad="1" element="Cff"/><contactref pad="1" element="Cout"/><contactref pad="2" element="Cr"/><contactref pad="2" element="L1"/><contactref pad="1" element="Rfb2"/><contactref pad="1" element="VOUT"/></signal><signal name="0"><wire layer="1" width="0.381" y2="57.5056" x2="81.0006" y1="55.753" x1="81.0006"/><wire layer="1" width="0.381" y2="55.753" x2="81.0006" y1="55.0418" x1="80.2894"/><wire layer="1" width="0.381" y2="55.0418" x2="80.2894" y1="55.0418" x1="78.4098"/><wire layer="1" width="0.381" y2="48.8696" x2="32.766" y1="52.705" x1="28.9306"/><wire layer="1" width="0.381" y2="48.8696" x2="62.4332" y1="48.8696" x1="32.766"/><wire layer="1" width="0.381" y2="75.2856" x2="32.2072" y1="72.009" x1="28.9306"/><wire layer="1" width="0.381" y2="75.2856" x2="64.4652" y1="75.2856" x1="32.2072"/><wire layer="1" width="0.381" y2="72.9742" x2="72.0852" y1="71.7042" x1="72.0852"/><wire layer="1" width="0.381" y2="71.7042" x2="72.0852" y1="72.009" x1="71.7804"/><wire layer="1" width="0.381" y2="72.009" x2="71.7804" y1="72.009" x1="71.5264"/><wire layer="1" width="0.381" y2="74.2442" x2="72.0852" y1="72.9742" x1="72.0852"/><wire layer="1" width="0.381" y2="59.055" x2="67.7418" y1="55.4736" x1="67.7418"/><wire layer="1" width="0.381" y2="64.3382" x2="75.5904" y1="61.7474" x1="75.5904"/><wire layer="1" width="0.381" y2="59.7408" x2="74.93" y1="58.2676" x1="74.93"/><wire layer="1" width="0.381" y2="61.1124" x2="74.93" y1="59.7408" x1="74.93"/><wire layer="1" width="0.381" y2="59.7408" x2="74.93" y1="62.3824" x1="72.3138"/><wire layer="1" width="0.381" y2="64.2112" x2="72.3138" y1="62.3824" x1="72.3138"/><wire layer="1" width="0.381" y2="61.7474" x2="75.5904" y1="61.1124" x1="74.93"/><wire layer="1" width="0.254" y2="59.055" x2="68.3006" y1="59.055" x1="67.1576"/><wire layer="1" width="0.254" y2="55.0164" x2="79.1464" y1="55.0164" x1="77.6732"/><wire layer="1" width="0.254" y2="57.4802" x2="81.7626" y1="57.4802" x1="80.2132"/><wire layer="1" width="0.254" y2="55.4736" x2="68.3006" y1="55.4736" x1="67.1576"/><polygon spacing="0.254" layer="1" width="0" rank="5"><vertex y="71.1962" x="70.2056"/><vertex y="72.771" x="70.2056"/><vertex y="72.771" x="72.7964"/><vertex y="71.1962" x="72.7964"/></polygon><polygon spacing="0.254" layer="1" width="0" rank="5"><vertex y="96.901" x="77.6986"/><vertex y="88.011" x="77.6986"/><vertex y="88.011" x="107.9246"/><vertex y="96.901" x="107.9246"/></polygon><polygon spacing="0.254" layer="1" width="0" rank="6"><vertex y="78.613" x="25.6286"/><vertex y="78.613" x="69.8246"/><vertex y="75.565" x="69.8246"/><vertex y="75.565" x="72.8726"/><vertex y="71.247" x="72.8726"/><vertex y="71.247" x="69.8246"/><vertex y="69.469" x="69.8246"/><vertex y="69.469" x="67.0306"/><vertex y="60.579" x="67.0306"/><vertex y="60.579" x="71.3486"/><vertex y="66.421" x="71.3486"/><vertex y="66.421" x="87.0966"/><vertex y="45.339" x="87.0966"/><vertex y="45.339" x="25.6286"/></polygon><polygon spacing="0.254" layer="16" width="0" rank="6"><vertex y="25.527" x="25.6286"/><vertex y="96.901" x="25.6286"/><vertex y="96.901" x="107.9246"/><vertex y="25.527" x="107.9246"/></polygon><via shape="round" drill="0.254" diameter="0.508" extent="1-16" y="89.916" x="95.0214"/><via shape="round" drill="0.254" diameter="0.508" extent="1-16" y="89.916" x="96.1898"/><via shape="round" drill="0.254" diameter="0.508" extent="1-16" y="89.916" x="97.409"/><via shape="round" drill="0.254" diameter="0.508" extent="1-16" y="89.916" x="99.822"/><via shape="round" drill="0.254" diameter="0.508" extent="1-16" y="89.916" x="98.6536"/><via shape="round" drill="0.254" diameter="0.508" extent="1-16" y="93.8276" x="83.0072"/><via shape="round" drill="0.254" diameter="0.508" extent="1-16" y="93.8276" x="84.1756"/><via shape="round" drill="0.254" diameter="0.508" extent="1-16" y="93.8276" x="81.7626"/><via shape="round" drill="0.254" diameter="0.508" extent="1-16" y="93.8276" x="80.5434"/><via shape="round" drill="0.254" diameter="0.508" extent="1-16" y="93.8276" x="79.375"/><via shape="round" drill="0.254" diameter="0.508" extent="1-16" y="46.9646" x="66.4464"/><via shape="round" drill="0.254" diameter="0.508" extent="1-16" y="46.9646" x="65.1764"/><via shape="round" drill="0.254" diameter="0.508" extent="1-16" y="46.9646" x="63.9064"/><via shape="round" drill="0.254" diameter="0.508" extent="1-16" y="46.9392" x="60.0456"/><via shape="round" drill="0.254" diameter="0.508" extent="1-16" y="46.9392" x="61.3156"/><via shape="round" drill="0.254" diameter="0.508" extent="1-16" y="46.9392" x="62.5856"/><via shape="round" drill="0.254" diameter="0.508" extent="1-16" y="48.0822" x="62.5856"/><via shape="round" drill="0.254" diameter="0.508" extent="1-16" y="48.0822" x="61.3156"/><via shape="round" drill="0.254" diameter="0.508" extent="1-16" y="48.0822" x="60.0456"/><via shape="round" drill="0.254" diameter="0.508" extent="1-16" y="48.1076" x="63.9064"/><via shape="round" drill="0.254" diameter="0.508" extent="1-16" y="48.1076" x="65.1764"/><via shape="round" drill="0.254" diameter="0.508" extent="1-16" y="48.1076" x="66.4464"/><via shape="round" drill="0.254" diameter="0.508" extent="1-16" y="46.8884" x="58.7756"/><via shape="round" drill="0.254" diameter="0.508" extent="1-16" y="46.8884" x="57.5056"/><via shape="round" drill="0.254" diameter="0.508" extent="1-16" y="46.8884" x="56.2356"/><via shape="round" drill="0.254" diameter="0.508" extent="1-16" y="46.863" x="52.3748"/><via shape="round" drill="0.254" diameter="0.508" extent="1-16" y="46.863" x="53.6448"/><via shape="round" drill="0.254" diameter="0.508" extent="1-16" y="46.863" x="54.9148"/><via shape="round" drill="0.254" diameter="0.508" extent="1-16" y="48.006" x="54.9148"/><via shape="round" drill="0.254" diameter="0.508" extent="1-16" y="48.006" x="53.6448"/><via shape="round" drill="0.254" diameter="0.508" extent="1-16" y="48.006" x="52.3748"/><via shape="round" drill="0.254" diameter="0.508" extent="1-16" y="48.0314" x="56.2356"/><via shape="round" drill="0.254" diameter="0.508" extent="1-16" y="48.0314" x="57.5056"/><via shape="round" drill="0.254" diameter="0.508" extent="1-16" y="48.0314" x="58.7756"/><via shape="round" drill="0.254" diameter="0.508" extent="1-16" y="46.8884" x="51.0032"/><via shape="round" drill="0.254" diameter="0.508" extent="1-16" y="46.8884" x="49.7332"/><via shape="round" drill="0.254" diameter="0.508" extent="1-16" y="46.8884" x="48.4632"/><via shape="round" drill="0.254" diameter="0.508" extent="1-16" y="46.863" x="44.6024"/><via shape="round" drill="0.254" diameter="0.508" extent="1-16" y="46.863" x="45.8724"/><via shape="round" drill="0.254" diameter="0.508" extent="1-16" y="46.863" x="47.1424"/><via shape="round" drill="0.254" diameter="0.508" extent="1-16" y="48.006" x="47.1424"/><via shape="round" drill="0.254" diameter="0.508" extent="1-16" y="48.006" x="45.8724"/><via shape="round" drill="0.254" diameter="0.508" extent="1-16" y="48.006" x="44.6024"/><via shape="round" drill="0.254" diameter="0.508" extent="1-16" y="48.0314" x="48.4632"/><via shape="round" drill="0.254" diameter="0.508" extent="1-16" y="48.0314" x="49.7332"/><via shape="round" drill="0.254" diameter="0.508" extent="1-16" y="48.0314" x="51.0032"/><via shape="round" drill="0.254" diameter="0.508" extent="1-16" y="77.724" x="45.085"/><via shape="round" drill="0.254" diameter="0.508" extent="1-16" y="76.581" x="45.085"/><via shape="round" drill="0.254" diameter="0.508" extent="1-16" y="77.8002" x="52.7558"/><via shape="round" drill="0.254" diameter="0.508" extent="1-16" y="77.8002" x="51.4858"/><via shape="round" drill="0.254" diameter="0.508" extent="1-16" y="77.8002" x="50.2158"/><via shape="round" drill="0.254" diameter="0.508" extent="1-16" y="77.7748" x="46.355"/><via shape="round" drill="0.254" diameter="0.508" extent="1-16" y="77.7748" x="47.625"/><via shape="round" drill="0.254" diameter="0.508" extent="1-16" y="77.7748" x="48.895"/><via shape="round" drill="0.254" diameter="0.508" extent="1-16" y="76.6318" x="48.895"/><via shape="round" drill="0.254" diameter="0.508" extent="1-16" y="76.6318" x="47.625"/><via shape="round" drill="0.254" diameter="0.508" extent="1-16" y="76.6318" x="46.355"/><via shape="round" drill="0.254" diameter="0.508" extent="1-16" y="76.6572" x="50.2158"/><via shape="round" drill="0.254" diameter="0.508" extent="1-16" y="76.6572" x="51.4858"/><via shape="round" drill="0.254" diameter="0.508" extent="1-16" y="76.6572" x="52.7558"/><via shape="round" drill="0.254" diameter="0.508" extent="1-16" y="77.8002" x="60.5282"/><via shape="round" drill="0.254" diameter="0.508" extent="1-16" y="77.8002" x="59.2582"/><via shape="round" drill="0.254" diameter="0.508" extent="1-16" y="77.8002" x="57.9882"/><via shape="round" drill="0.254" diameter="0.508" extent="1-16" y="77.7748" x="54.1274"/><via shape="round" drill="0.254" diameter="0.508" extent="1-16" y="77.7748" x="55.3974"/><via shape="round" drill="0.254" diameter="0.508" extent="1-16" y="77.7748" x="56.6674"/><via shape="round" drill="0.254" diameter="0.508" extent="1-16" y="76.6318" x="56.6674"/><via shape="round" drill="0.254" diameter="0.508" extent="1-16" y="76.6318" x="55.3974"/><via shape="round" drill="0.254" diameter="0.508" extent="1-16" y="76.6318" x="54.1274"/><via shape="round" drill="0.254" diameter="0.508" extent="1-16" y="76.6572" x="57.9882"/><via shape="round" drill="0.254" diameter="0.508" extent="1-16" y="76.6572" x="59.2582"/><via shape="round" drill="0.254" diameter="0.508" extent="1-16" y="76.6572" x="60.5282"/><via shape="round" drill="0.254" diameter="0.508" extent="1-16" y="77.8764" x="68.199"/><via shape="round" drill="0.254" diameter="0.508" extent="1-16" y="77.8764" x="66.929"/><via shape="round" drill="0.254" diameter="0.508" extent="1-16" y="77.8764" x="65.659"/><via shape="round" drill="0.254" diameter="0.508" extent="1-16" y="77.851" x="61.7982"/><via shape="round" drill="0.254" diameter="0.508" extent="1-16" y="77.851" x="63.0682"/><via shape="round" drill="0.254" diameter="0.508" extent="1-16" y="77.851" x="64.3382"/><via shape="round" drill="0.254" diameter="0.508" extent="1-16" y="76.708" x="64.3382"/><via shape="round" drill="0.254" diameter="0.508" extent="1-16" y="76.708" x="63.0682"/><via shape="round" drill="0.254" diameter="0.508" extent="1-16" y="76.708" x="61.7982"/><via shape="round" drill="0.254" diameter="0.508" extent="1-16" y="76.7334" x="65.659"/><via shape="round" drill="0.254" diameter="0.508" extent="1-16" y="76.7334" x="66.929"/><via shape="round" drill="0.254" diameter="0.508" extent="1-16" y="76.7334" x="68.199"/><via shape="round" drill="0.254" diameter="0.508" extent="1-16" y="61.1378" x="75.565"/><via shape="round" drill="0.254" diameter="0.508" extent="1-16" y="61.1378" x="74.295"/><via shape="round" drill="0.254" diameter="0.508" extent="1-16" y="61.1378" x="73.025"/><via shape="round" drill="0.254" diameter="0.508" extent="1-16" y="59.9948" x="73.025"/><via shape="round" drill="0.254" diameter="0.508" extent="1-16" y="59.9948" x="74.295"/><via shape="round" drill="0.254" diameter="0.508" extent="1-16" y="59.9948" x="75.565"/><via shape="round" drill="0.254" diameter="0.508" extent="1-16" y="62.3316" x="75.565"/><via shape="round" drill="0.254" diameter="0.508" extent="1-16" y="62.3316" x="74.295"/><via shape="round" drill="0.254" diameter="0.508" extent="1-16" y="62.3316" x="73.025"/><via shape="round" drill="0.254" diameter="0.508" extent="1-16" y="65.3542" x="75.7682"/><via shape="round" drill="2.54" diameter="4.826" extent="1-16" y="52.705" x="28.9306"/><via shape="round" drill="2.54" diameter="4.826" extent="1-16" y="72.009" x="28.9306"/><contactref pad="2" element="Cbyp"/><contactref pad="2" element="Cin_1"/><contactref pad="2" element="Cin_2"/><contactref pad="2" element="Cout"/><contactref pad="2" element="Css"/><contactref pad="2" element="Cvcc"/><contactref pad="1" element="GND"/><contactref pad="1" element="GND1"/><contactref pad="1" element="M2"/><contactref pad="2" element="M2"/><contactref pad="3" element="M2"/><contactref pad="2" element="Rfb1"/><contactref pad="5" element="U1"/><contactref pad="9" element="U1"/><contactref pad="14" element="U1"/><contactref pad="15" element="U1"/></signal><signal name="6"><wire layer="1" width="0.381" y2="71.7042" x2="77.3938" y1="70.4342" x1="77.3938"/><wire layer="1" width="0.381" y2="84.9884" x2="79.1718" y1="83.7184" x1="79.1718"/><wire layer="1" width="0.381" y2="83.7184" x2="79.1718" y1="82.4484" x1="79.1718"/><wire layer="1" width="0.381" y2="71.247" x2="97.1804" y1="71.247" x1="86.5886"/><wire layer="1" width="0.381" y2="71.247" x2="86.5886" y1="67.7926" x1="83.1342"/><wire layer="1" width="0.381" y2="67.7926" x2="83.1342" y1="67.7926" x1="81.2546"/><wire layer="1" width="0.381" y2="67.945" x2="76.9366" y1="67.945" x1="75.7682"/><wire layer="1" width="0.381" y2="67.7672" x2="77.1144" y1="67.945" x1="76.9366"/><wire layer="1" width="0.381" y2="67.7672" x2="78.2066" y1="67.7672" x1="77.1144"/><wire layer="1" width="0.381" y2="67.7926" x2="81.2546" y1="67.7672" x1="81.2292"/><wire layer="1" width="0.381" y2="67.7672" x2="81.2292" y1="67.7672" x1="78.2066"/><wire layer="1" width="0.381" y2="67.945" x2="75.7682" y1="66.421" x1="75.7682"/><wire layer="1" width="0.381" y2="66.421" x2="75.7682" y1="66.3448" x1="75.7682"/><wire layer="1" width="0.381" y2="66.421" x2="75.7682" y1="65.6336" x1="74.9808"/><wire layer="1" width="0.381" y2="66.3448" x2="75.7682" y1="65.532" x1="74.9554"/><wire layer="1" width="0.381" y2="65.532" x2="74.9554" y1="63.8556" x1="74.9554"/><wire layer="1" width="0.254" y2="67.9196" x2="76.5302" y1="67.9196" x1="74.9808"/><wire layer="1" width="0.254" y2="68.5292" x2="78.1812" y1="66.9798" x1="78.1812"/><wire layer="1" width="0.254" y2="68.5546" x2="81.2292" y1="67.0052" x1="81.2292"/><polygon spacing="0.254" layer="1" width="0" rank="3"><vertex y="70.3834" x="73.66"/><vertex y="74.2696" x="73.66"/><vertex y="74.2696" x="77.47"/><vertex y="70.3834" x="77.47"/></polygon><polygon spacing="0.254" layer="1" width="0" rank="3"><vertex y="66.929" x="74.9046"/><vertex y="77.851" x="74.9046"/><vertex y="77.851" x="78.2066"/><vertex y="79.121" x="78.2066"/><vertex y="79.121" x="81.2546"/><vertex y="81.407" x="81.2546"/><vertex y="81.407" x="78.2066"/><vertex y="85.725" x="78.2066"/><vertex y="85.725" x="80.7466"/><vertex y="87.249" x="80.7466"/><vertex y="87.249" x="107.9246"/><vertex y="66.929" x="107.9246"/></polygon><polygon spacing="0.254" layer="16" width="0" rank="4"><vertex y="87.757" x="78.5876"/><vertex y="87.757" x="88.4936"/><vertex y="81.407" x="88.4936"/><vertex y="77.597" x="92.3036"/><vertex y="66.802" x="92.3036"/><vertex y="66.802" x="74.9046"/><vertex y="69.85" x="74.9046"/><vertex y="70.739" x="74.0156"/><vertex y="77.978" x="74.0156"/><vertex y="77.978" x="78.5876"/><vertex y="86.106" x="78.5876"/></polygon><via shape="round" drill="0.254" diameter="0.508" extent="1-16" y="71.1962" x="74.9808"/><via shape="round" drill="0.254" diameter="0.508" extent="1-16" y="71.1962" x="77.0382"/><via shape="round" drill="0.254" diameter="0.508" extent="1-16" y="71.1962" x="79.0956"/><via shape="round" drill="0.254" diameter="0.508" extent="1-16" y="71.1962" x="81.153"/><via shape="round" drill="0.254" diameter="0.508" extent="1-16" y="73.1012" x="74.9808"/><via shape="round" drill="0.254" diameter="0.508" extent="1-16" y="73.1012" x="77.0382"/><via shape="round" drill="0.254" diameter="0.508" extent="1-16" y="73.1012" x="79.0956"/><via shape="round" drill="0.254" diameter="0.508" extent="1-16" y="73.1012" x="81.153"/><via shape="round" drill="0.254" diameter="0.508" extent="1-16" y="75.0062" x="74.9808"/><via shape="round" drill="0.254" diameter="0.508" extent="1-16" y="75.0062" x="77.0382"/><via shape="round" drill="0.254" diameter="0.508" extent="1-16" y="75.0062" x="79.0956"/><via shape="round" drill="0.254" diameter="0.508" extent="1-16" y="75.0062" x="81.153"/><via shape="round" drill="0.254" diameter="0.508" extent="1-16" y="76.9112" x="81.153"/><via shape="round" drill="0.254" diameter="0.508" extent="1-16" y="76.9112" x="79.0956"/><via shape="round" drill="0.254" diameter="0.508" extent="1-16" y="76.9112" x="77.0382"/><via shape="round" drill="0.254" diameter="0.508" extent="1-16" y="76.9112" x="74.9808"/><contactref pad="2" element="Cbst"/><contactref pad="1" element="L1"/><contactref pad="1" element="M1"/><contactref pad="2" element="M1"/><contactref pad="3" element="M1"/><contactref pad="5" element="M2"/><contactref pad="6" element="M2"/><contactref pad="7" element="M2"/><contactref pad="8" element="M2"/><contactref pad="9" element="M2"/><contactref pad="1" element="Rlim"/><contactref pad="2" element="Rr"/><contactref pad="10" element="U1"/></signal><signal name="2"><wire layer="1" width="1.016" y2="81.6356" x2="33.0454" y1="85.7504" x1="28.9306"/><wire layer="1" width="1.016" y2="81.6356" x2="64.4652" y1="81.6356" x1="33.0454"/><wire layer="1" width="1.016" y2="47.5742" x2="71.9582" y1="49.0982" x1="70.4342"/><wire layer="1" width="1.016" y2="47.625" x2="73.3806" y1="47.5742" x1="73.3298"/><wire layer="1" width="1.016" y2="47.5742" x2="73.3298" y1="47.5742" x1="71.9582"/><wire layer="1" width="1.016" y2="55.372" x2="70.3326" y1="55.4482" x1="70.2564"/><wire layer="1" width="1.016" y2="55.372" x2="70.4342" y1="49.0982" x1="70.4342"/><wire layer="1" width="1.016" y2="55.372" x2="70.4342" y1="55.372" x1="70.3326"/><wire layer="1" width="1.016" y2="55.4482" x2="72.7964" y1="55.4482" x1="70.2564"/><wire layer="1" width="1.016" y2="55.245" x2="72.9996" y1="55.4482" x1="72.7964"/><wire layer="1" width="0.3048" y2="58.2676" x2="72.9742" y1="55.626" x1="72.9742"/><wire layer="1" width="0.3048" y2="55.626" x2="72.9742" y1="55.4482" x1="72.7964"/><wire layer="1" width="0.254" y2="55.8292" x2="72.7202" y1="54.356" x1="72.7202"/><wire layer="1" width="0.254" y2="55.4482" x2="70.9676" y1="55.4482" x1="69.5452"/><polygon spacing="0.254" layer="1" width="0" rank="2"><vertex y="82.3976" x="73.8124"/><vertex y="86.2838" x="73.8124"/><vertex y="86.2838" x="77.6224"/><vertex y="82.3976" x="77.6224"/></polygon><polygon spacing="0.254" layer="1" width="0" rank="3"><vertex y="96.901" x="25.6286"/><vertex y="96.901" x="76.9366"/><vertex y="79.121" x="76.9366"/><vertex y="79.121" x="25.6286"/></polygon><wire layer="16" width="1.016" y2="85.725" x2="28.9306" y1="86.0552" x1="28.6004"/><wire layer="16" width="1.016" y2="55.753" x2="79.4766" y1="52.578" x1="76.3016"/><wire layer="16" width="1.016" y2="52.578" x2="76.3016" y1="48.641" x1="76.3016"/><wire layer="16" width="1.016" y2="92.4306" x2="105.3846" y1="66.929" x1="105.3846"/><wire layer="16" width="1.016" y2="47.625" x2="75.2856" y1="47.625" x1="73.4568"/><wire layer="16" width="1.016" y2="48.641" x2="76.3016" y1="47.625" x1="75.2856"/><wire layer="16" width="1.016" y2="62.357" x2="79.4766" y1="55.753" x1="79.4766"/><wire layer="16" width="1.016" y2="64.77" x2="81.8896" y1="62.357" x1="79.4766"/><wire layer="16" width="1.016" y2="64.77" x2="103.2256" y1="64.77" x1="81.8896"/><wire layer="16" width="1.016" y2="66.929" x2="105.3846" y1="64.77" x1="103.2256"/><wire layer="16" width="1.016" y2="95.2246" x2="102.5906" y1="95.2246" x1="28.6004"/><wire layer="16" width="1.016" y2="95.2246" x2="28.6004" y1="86.0552" x1="28.6004"/><wire layer="16" width="1.016" y2="92.4306" x2="105.3846" y1="95.2246" x1="102.5906"/><polygon spacing="0.254" layer="16" width="0" rank="5"><vertex y="94.107" x="55.8546"/><vertex y="94.107" x="76.9366"/><vertex y="78.867" x="76.9366"/><vertex y="78.867" x="55.8546"/></polygon><via shape="round" drill="0.7112" diameter="1.27" extent="1-16" y="47.625" x="73.3806"/><via shape="round" drill="0.7112" diameter="1.27" extent="1-16" y="95.2246" x="28.6004"/><via shape="round" drill="0.254" diameter="0.508" extent="1-16" y="85.598" x="70.104"/><via shape="round" drill="0.254" diameter="0.508" extent="1-16" y="85.598" x="72.1614"/><via shape="round" drill="0.254" diameter="0.508" extent="1-16" y="85.598" x="74.2188"/><via shape="round" drill="0.254" diameter="0.508" extent="1-16" y="85.598" x="76.2762"/><via shape="round" drill="0.254" diameter="0.508" extent="1-16" y="83.693" x="76.2762"/><via shape="round" drill="0.254" diameter="0.508" extent="1-16" y="83.693" x="74.2188"/><via shape="round" drill="0.254" diameter="0.508" extent="1-16" y="83.693" x="72.1614"/><via shape="round" drill="0.254" diameter="0.508" extent="1-16" y="83.693" x="70.104"/><via shape="round" drill="0.254" diameter="0.508" extent="1-16" y="81.788" x="76.2762"/><via shape="round" drill="0.254" diameter="0.508" extent="1-16" y="81.788" x="74.2188"/><via shape="round" drill="0.254" diameter="0.508" extent="1-16" y="81.788" x="72.1614"/><via shape="round" drill="0.254" diameter="0.508" extent="1-16" y="81.788" x="70.104"/><via shape="round" drill="0.254" diameter="0.508" extent="1-16" y="79.883" x="76.2762"/><via shape="round" drill="0.254" diameter="0.508" extent="1-16" y="79.883" x="74.2188"/><via shape="round" drill="0.254" diameter="0.508" extent="1-16" y="79.883" x="72.1614"/><via shape="round" drill="0.254" diameter="0.508" extent="1-16" y="79.883" x="70.104"/><via shape="round" drill="2.54" diameter="4.826" extent="1-16" y="85.7504" x="28.9306"/><contactref pad="1" element="Cbyp"/><contactref pad="1" element="Cin_1"/><contactref pad="1" element="Cin_2"/><contactref pad="5" element="M1"/><contactref pad="6" element="M1"/><contactref pad="7" element="M1"/><contactref pad="8" element="M1"/><contactref pad="9" element="M1"/><contactref pad="1" element="Ron"/><contactref pad="2" element="U1"/><contactref pad="1" element="VIN"/></signal><signal name="25"><wire layer="1" width="0.635" y2="47.3456" x2="79.9846" y1="47.3456" x1="78.1558"/><wire layer="1" width="0.635" y2="62.9666" x2="81.2546" y1="62.8396" x1="81.1276"/><wire layer="1" width="0.635" y2="62.7126" x2="82.7786" y1="62.7126" x1="81.2546"/><wire layer="1" width="0.635" y2="65.5574" x2="81.2546" y1="62.9666" x1="81.2546"/><wire layer="1" width="0.254" y2="66.3194" x2="81.2292" y1="64.77" x1="81.2292"/><wire layer="1" width="0.254" y2="63.4746" x2="81.2292" y1="61.9252" x1="81.2292"/><wire layer="1" width="0.254" y2="47.3202" x2="78.9178" y1="47.3202" x1="77.3684"/><wire layer="16" width="0.635" y2="52.4256" x2="85.0646" y1="47.3456" x1="79.9846"/><wire layer="16" width="0.635" y2="61.849" x2="85.0646" y1="52.4256" x1="85.0646"/><wire layer="16" width="0.635" y2="61.849" x2="85.0646" y1="62.7126" x1="84.201"/><wire layer="16" width="0.635" y2="62.7126" x2="84.201" y1="62.7126" x1="82.7786"/><via shape="round" drill="0.254" diameter="0.508" extent="1-16" y="47.3456" x="79.9846"/><via shape="round" drill="0.254" diameter="0.508" extent="1-16" y="62.7126" x="82.7786"/><contactref pad="2" element="Cac"/><contactref pad="1" element="Cr"/><contactref pad="1" element="Rr"/></signal><signal name="5"><wire layer="1" width="0.635" y2="54.9402" x2="75.7682" y1="49.8094" x1="75.7682"/><wire layer="1" width="0.635" y2="49.8856" x2="75.9206" y1="47.3456" x1="75.9206"/><wire layer="1" width="0.381" y2="58.2422" x2="74.295" y1="58.2676" x1="74.295"/><wire layer="1" width="0.381" y2="58.2422" x2="74.295" y1="56.388" x1="74.295"/><wire layer="1" width="0.635" y2="49.784" x2="75.7936" y1="49.8094" x1="75.7682"/><wire layer="1" width="0.635" y2="55.0418" x2="75.7682" y1="54.9402" x1="75.7682"/><wire layer="1" width="0.381" y2="54.9402" x2="75.7682" y1="56.388" x1="74.295"/><wire layer="1" width="0.254" y2="55.0164" x2="76.6572" y1="55.0164" x1="75.184"/><wire layer="1" width="0.254" y2="49.8602" x2="76.6572" y1="49.8602" x1="75.184"/><wire layer="1" width="0.254" y2="52.4256" x2="76.6572" y1="52.4256" x1="75.184"/><wire layer="1" width="0.254" y2="47.3202" x2="76.6826" y1="47.3202" x1="75.1332"/><contactref pad="1" element="Cac"/><contactref pad="2" element="Cff"/><contactref pad="1" element="Rfb1"/><contactref pad="2" element="Rfb2"/><contactref pad="4" element="U1"/></signal><signal name="8"><wire layer="1" width="0.7112" y2="86.2838" x2="79.7052" y1="86.2838" x1="78.4098"/><wire layer="1" width="0.381" y2="80.391" x2="80.4926" y1="80.391" x1="78.4352"/><wire layer="1" width="0.381" y2="65.8622" x2="74.295" y1="64.0588" x1="74.295"/><wire layer="1" width="0.381" y2="65.8876" x2="74.3204" y1="65.8622" x1="74.295"/><polygon spacing="0.254" layer="1" width="0"><vertex y="79.4512" x="78.2066"/><vertex y="81.026" x="78.2066"/><vertex y="81.026" x="80.7974"/><vertex y="79.4512" x="80.7974"/></polygon><polygon spacing="0.254" layer="1" width="0" rank="2"><vertex y="86.0552" x="78.2066"/><vertex y="86.9442" x="78.2066"/><vertex y="86.9442" x="80.1116"/><vertex y="86.0552" x="80.1116"/></polygon><wire layer="16" width="0.381" y2="80.3656" x2="78.4352" y1="79.8068" x1="77.8764"/><wire layer="16" width="0.381" y2="80.391" x2="78.4352" y1="80.3656" x1="78.4352"/><wire layer="16" width="0.381" y2="86.2838" x2="78.4098" y1="85.725" x1="77.851"/><wire layer="16" width="0.381" y2="85.725" x2="77.851" y1="79.0194" x1="77.851"/><wire layer="16" width="0.381" y2="79.0194" x2="77.851" y1="78.3844" x1="77.216"/><wire layer="16" width="0.381" y2="78.3844" x2="77.216" y1="78.3844" x1="73.8886"/><wire layer="16" width="0.381" y2="78.3844" x2="73.8886" y1="78.1558" x1="73.66"/><wire layer="16" width="0.381" y2="78.1558" x2="73.66" y1="69.9262" x1="73.66"/><wire layer="16" width="0.381" y2="69.2404" x2="74.3458" y1="69.9262" x1="73.66"/><wire layer="16" width="0.381" y2="69.2404" x2="74.3458" y1="65.8876" x1="74.3458"/><via shape="round" drill="0.254" diameter="0.508" extent="1-16" y="86.2838" x="78.4098"/><via shape="round" drill="0.254" diameter="0.508" extent="1-16" y="80.391" x="78.4352"/><via shape="round" drill="0.254" diameter="0.508" extent="1-16" y="65.8876" x="74.3458"/><contactref pad="4" element="M1"/><contactref pad="11" element="U1"/></signal><signal name="7"><wire layer="1" width="0.7112" y2="70.4596" x2="72.6694" y1="70.4596" x1="70.8152"/><wire layer="1" width="0.635" y2="76.327" x2="72.4916" y1="76.327" x1="70.485"/><wire layer="1" width="0.381" y2="65.405" x2="72.9996" y1="64.6176" x1="72.9996"/><polygon spacing="0.254" layer="1" width="0"><vertex y="75.7682" x="70.2056"/><vertex y="77.343" x="70.2056"/><vertex y="77.343" x="72.7964"/><vertex y="75.7682" x="72.7964"/></polygon><polygon spacing="0.254" layer="1" width="0" rank="2"><vertex y="70.1294" x="71.3486"/><vertex y="70.7136" x="71.3486"/><vertex y="70.7136" x="72.8472"/><vertex y="70.1294" x="72.8472"/></polygon><wire layer="16" width="0.381" y2="75.311" x2="71.4502" y1="69.85" x1="71.4502"/><wire layer="16" width="0.381" y2="69.85" x2="71.4502" y1="66.9798" x1="71.4502"/><wire layer="16" width="0.381" y2="69.85" x2="71.4502" y1="70.4596" x1="70.8406"/><wire layer="16" width="0.381" y2="70.4596" x2="70.8406" y1="70.4596" x1="70.8152"/><wire layer="16" width="0.381" y2="75.311" x2="71.4502" y1="76.3016" x1="70.4596"/><wire layer="16" width="0.381" y2="65.4304" x2="72.9996" y1="66.9798" x1="71.4502"/><wire layer="16" width="0.381" y2="65.4304" x2="72.9996" y1="65.3796" x1="72.9996"/><via shape="round" drill="0.254" diameter="0.508" extent="1-16" y="70.4596" x="70.8152"/><via shape="round" drill="0.254" diameter="0.508" extent="1-16" y="65.405" x="72.9996"/><via shape="round" drill="0.254" diameter="0.508" extent="1-16" y="76.3016" x="70.4596"/><contactref pad="4" element="M2"/><contactref pad="13" element="U1"/></signal><signal name="3"><wire layer="1" width="0.381" y2="57.7342" x2="76.9112" y1="57.7342" x1="76.327"/><wire layer="1" width="0.381" y2="52.8066" x2="74.3204" y1="52.6034" x1="74.1172"/><wire layer="1" width="0.381" y2="52.6034" x2="74.1172" y1="52.6034" x1="73.4314"/><wire layer="1" width="0.254" y2="53.594" x2="72.7202" y1="52.1208" x1="72.7202"/><polygon spacing="0.254" layer="1" width="0"><vertex y="51.8668" x="71.8058"/><vertex y="53.34" x="71.8058"/><vertex y="53.34" x="73.66"/><vertex y="51.8668" x="73.66"/></polygon><wire layer="16" width="0.381" y2="57.7342" x2="76.9112" y1="57.0484" x1="76.9112"/><wire layer="16" width="0.381" y2="57.0484" x2="76.9112" y1="56.5912" x1="76.454"/><wire layer="16" width="0.381" y2="56.5912" x2="76.454" y1="56.5912" x1="74.7522"/><wire layer="16" width="0.381" y2="56.5912" x2="74.7522" y1="56.1848" x1="74.3458"/><wire layer="16" width="0.381" y2="56.1848" x2="74.3458" y1="52.832" x1="74.3458"/><via shape="round" drill="0.254" diameter="0.508" extent="1-16" y="57.7342" x="76.9112"/><via shape="round" drill="0.254" diameter="0.508" extent="1-16" y="52.832" x="74.3458"/><contactref pad="2" element="Ron"/><contactref pad="7" element="U1"/></signal><signal name="18"><wire layer="1" width="0.381" y2="57.6326" x2="73.66" y1="56.9214" x1="73.66"/><wire layer="16" width="0.381" y2="56.9214" x2="73.66" y1="56.3626" x1="73.1012"/><wire layer="16" width="0.381" y2="56.3626" x2="73.1012" y1="49.784" x1="73.1012"/><via shape="round" drill="0.254" diameter="0.508" extent="1-16" y="56.896" x="73.66"/><via shape="round" drill="1.016" diameter="2.286" extent="1-16" y="49.911" x="73.1266"/><contactref pad="1" element="EN"/><contactref pad="3" element="U1"/></signal><signal name="1"><wire layer="1" width="0.381" y2="58.2676" x2="75.5904" y1="57.023" x1="75.5904"/><wire layer="1" width="0.381" y2="56.8452" x2="75.7936" y1="57.023" x1="75.5904"/><wire layer="1" width="0.381" y2="56.8452" x2="78.105" y1="56.8452" x1="75.7936"/><wire layer="1" width="0.381" y2="57.8612" x2="79.121" y1="56.8452" x1="78.105"/><wire layer="1" width="0.254" y2="57.4802" x2="79.375" y1="57.4802" x1="77.8256"/><contactref pad="1" element="Css"/><contactref pad="6" element="U1"/></signal><signal name="11"><wire layer="1" width="0.381" y2="64.6176" x2="78.232" y1="64.0588" x1="77.6732"/><wire layer="1" width="0.381" y2="64.0588" x2="77.6732" y1="64.0588" x1="76.2254"/><wire layer="1" width="0.381" y2="65.6336" x2="78.232" y1="64.6176" x1="78.232"/><wire layer="1" width="0.254" y2="66.294" x2="78.1812" y1="64.7446" x1="78.1812"/><contactref pad="2" element="Rlim"/><contactref pad="8" element="U1"/></signal><signal name="9"><wire layer="1" width="0.3048" y2="67.7672" x2="73.6346" y1="64.0588" x1="73.6346"/><wire layer="1" width="0.635" y2="67.945" x2="73.4822" y1="67.945" x1="70.104"/><wire layer="1" width="0.635" y2="67.945" x2="70.104" y1="67.0306" x1="69.1896"/><wire layer="1" width="0.635" y2="67.0306" x2="69.1896" y1="66.4464" x1="69.1896"/><wire layer="1" width="0.3048" y2="67.7672" x2="73.6346" y1="67.945" x1="73.4822"/><wire layer="1" width="0.254" y2="67.437" x2="69.1388" y1="65.8114" x1="69.1388"/><wire layer="1" width="0.254" y2="67.9196" x2="74.2442" y1="67.9196" x1="72.8218"/><contactref pad="1" element="Cbst"/><contactref pad="2" element="Dbst"/><contactref pad="12" element="U1"/></signal><signal name="10"><wire layer="1" width="0.762" y2="61.6458" x2="70.1294" y1="62.611" x1="69.1642"/><wire layer="1" width="0.762" y2="61.6458" x2="70.1294" y1="59.0804" x1="70.1294"/><wire layer="1" width="0.762" y2="58.2422" x2="70.9168" y1="59.0296" x1="70.1294"/><wire layer="1" width="0.762" y2="58.2422" x2="72.1868" y1="58.2422" x1="70.9168"/><wire layer="1" width="0.254" y2="63.4238" x2="69.1388" y1="61.7982" x1="69.1388"/><wire layer="1" width="0.254" y2="59.0296" x2="70.8406" y1="59.0296" x1="69.4182"/><contactref pad="1" element="Cvcc"/><contactref pad="1" element="Dbst"/><contactref pad="1" element="U1"/></signal></signals></board></drawing></eagle>
